2026-08-18 19:58:54,162 | INFO | github | GitHub repository: manoj20027949-svg/devops (since 2026-07-19T14:28:54.162746+00:00Z, until None)
2026-08-18 19:58:54,162 | INFO | github | GitHub repository: manoj20027949-svg/devops (since 2026-07-19T14:28:54.162746+00:00Z, until None)
2026-08-18 19:58:54,162 | INFO | github | GitHub repository: manoj20027949-svg/devops (since 2026-07-19T14:28:54.162746+00:00Z, until None)
2026-08-18 19:58:54,162 | INFO | github | GitHub repository: manoj20027949-svg/devops (since 2026-07-19T14:28:54.162746+00:00Z, until None)
2026-08-18 19:58:54,162 | INFO | github | GitHub repository: manoj20027949-svg/devops (since 2026-07-19T14:28:54.162746+00:00Z, until None)
2026-08-18 19:58:56,417 | INFO | github | Collaborators fetched: 5
2026-08-18 19:58:56,440 | INFO | github | Collaborators fetched: 5
2026-08-18 19:58:56,476 | INFO | github | Collaborators fetched: 5
2026-08-18 19:58:56,492 | INFO | github | Collaborators fetched: 5
2026-08-18 19:58:56,494 | INFO | github | Collaborators fetched: 5
2026-08-18 19:58:57,408 | INFO | github | Invitations fetch for manoj20027949-svg/devops returned HTTP 200 with 0 pending invitation(s)
2026-08-18 19:58:57,417 | INFO | github | Invitations fetch for manoj20027949-svg/devops returned HTTP 200 with 0 pending invitation(s)
2026-08-18 19:58:57,421 | INFO | github | Invitations fetch for manoj20027949-svg/devops returned HTTP 200 with 0 pending invitation(s)
2026-08-18 19:58:57,421 | INFO | github | Invitations fetch for manoj20027949-svg/devops returned HTTP 200 with 0 pending invitation(s)
2026-08-18 19:58:57,421 | INFO | github | Invitations fetch for manoj20027949-svg/devops returned HTTP 200 with 0 pending invitation(s)
2026-08-18 19:58:57,421 | INFO | github | Team members resolved: 5
2026-08-18 19:58:57,421 | INFO | github | Team members resolved: 5
2026-08-18 19:58:57,428 | INFO | github | Team members resolved: 5
2026-08-18 19:58:57,428 | INFO | github | Team members resolved: 5
2026-08-18 19:58:57,428 | INFO | github | Team members resolved: 5
2026-08-18 19:58:58,035 | INFO | github | Commits fetched: 21 (window: 21)
2026-08-18 19:58:58,042 | INFO | github | Commits fetched: 21 (window: 21)
2026-08-18 19:58:58,047 | INFO | github | Commits fetched: 21 (window: 21)
2026-08-18 19:58:58,059 | INFO | github | Commits fetched: 21 (window: 21)
2026-08-18 19:58:58,062 | INFO | github | Commits fetched: 21 (window: 21)
2026-08-18 19:58:58,535 | INFO | github | Pull requests fetched: 0
2026-08-18 19:58:58,537 | INFO | github | Pull requests fetched: 0
2026-08-18 19:58:58,539 | INFO | github | Pull requests fetched: 0
2026-08-18 19:58:58,539 | INFO | github | Pull requests fetched: 0
2026-08-18 19:58:58,541 | INFO | github | Pull requests fetched: 0
2026-08-18 19:58:59,149 | INFO | github | Issues fetched: 0
2026-08-18 19:58:59,149 | INFO | github | Issues fetched: 0
2026-08-18 19:58:59,151 | INFO | github | Issues fetched: 0
2026-08-18 19:58:59,152 | INFO | github | Issues fetched: 0
2026-08-18 19:58:59,152 | INFO | github | Issues fetched: 0
2026-08-18 19:59:24,432 | INFO | github | GitHub repository: manoj20027949-svg/devops (since 2026-07-19T14:29:24.432100+00:00Z, until None)
2026-08-18 19:59:24,439 | INFO | github | GitHub repository: manoj20027949-svg/devops (since 2026-07-19T14:29:24.438598+00:00Z, until None)
2026-08-18 19:59:24,443 | INFO | github | GitHub repository: manoj20027949-svg/devops (since 2026-07-19T14:29:24.443935+00:00Z, until None)
2026-08-18 19:59:24,446 | INFO | github | Collaborators fetched: 5
2026-08-18 19:59:24,452 | INFO | github | GitHub repository: manoj20027949-svg/devops (since 2026-07-19T14:29:24.452242+00:00Z, until None)
2026-08-18 19:59:24,454 | INFO | github | Collaborators fetched: 5
2026-08-18 19:59:24,457 | INFO | github | GitHub repository: manoj20027949-svg/devops (since 2026-07-19T14:29:24.457098+00:00Z, until None)
2026-08-18 19:59:24,459 | INFO | github | Collaborators fetched: 5
2026-08-18 19:59:24,461 | INFO | github | Invitations fetch for manoj20027949-svg/devops returned HTTP 200 with 0 pending invitation(s)
2026-08-18 19:59:24,462 | INFO | github | Collaborators fetched: 5
2026-08-18 19:59:24,463 | INFO | github | Invitations fetch for manoj20027949-svg/devops returned HTTP 200 with 0 pending invitation(s)
2026-08-18 19:59:24,463 | INFO | github | Collaborators fetched: 5
2026-08-18 19:59:24,473 | INFO | github | Invitations fetch for manoj20027949-svg/devops returned HTTP 200 with 0 pending invitation(s)
2026-08-18 19:59:24,473 | INFO | github | Team members resolved: 5
2026-08-18 19:59:24,477 | INFO | github | Invitations fetch for manoj20027949-svg/devops returned HTTP 200 with 0 pending invitation(s)
2026-08-18 19:59:24,481 | INFO | github | Team members resolved: 5
2026-08-18 19:59:24,481 | INFO | github | Invitations fetch for manoj20027949-svg/devops returned HTTP 200 with 0 pending invitation(s)
2026-08-18 19:59:24,484 | INFO | github | Team members resolved: 5
2026-08-18 19:59:24,488 | INFO | github | Team members resolved: 5
2026-08-18 19:59:24,500 | INFO | github | Team members resolved: 5
2026-08-18 19:59:26,681 | INFO | github | Commits fetched: 21 (window: 21)
2026-08-18 19:59:26,681 | INFO | github | Pull requests fetched: 0
2026-08-18 19:59:26,687 | INFO | github | Issues fetched: 0
2026-08-18 19:59:26,722 | INFO | github | Commits fetched: 21 (window: 21)
2026-08-18 19:59:26,724 | INFO | github | Commits fetched: 21 (window: 21)
2026-08-18 19:59:26,729 | INFO | github | Pull requests fetched: 0
2026-08-18 19:59:26,729 | INFO | github | Pull requests fetched: 0
2026-08-18 19:59:26,738 | INFO | github | Issues fetched: 0
2026-08-18 19:59:26,739 | INFO | github | Issues fetched: 0
2026-08-18 19:59:26,869 | INFO | github | Commits fetched: 21 (window: 21)
2026-08-18 19:59:26,871 | INFO | github | Pull requests fetched: 0
2026-08-18 19:59:26,871 | INFO | github | Issues fetched: 0
2026-08-18 19:59:27,015 | INFO | github | Commits fetched: 21 (window: 21)
2026-08-18 19:59:27,020 | INFO | github | Pull requests fetched: 0
2026-08-18 19:59:27,024 | INFO | github | Issues fetched: 0
2026-08-18 19:59:28,765 | INFO | github | GitHub repository: manoj20027949-svg/devops (since 2026-07-19T14:29:28.765653+00:00Z, until None)
2026-08-18 19:59:28,767 | INFO | github | Collaborators fetched: 5
2026-08-18 19:59:28,768 | INFO | github | Invitations fetch for manoj20027949-svg/devops returned HTTP 200 with 0 pending invitation(s)
2026-08-18 19:59:28,769 | INFO | github | Team members resolved: 5
2026-08-18 19:59:30,958 | INFO | github | Commits fetched: 21 (window: 21)
2026-08-18 19:59:30,958 | INFO | github | Pull requests fetched: 0
2026-08-18 19:59:30,966 | INFO | github | Issues fetched: 0
2026-08-18 19:59:51,149 | INFO | github | GitHub repository: manoj20027949-svg/devops (since 2026-07-19T14:29:51.149345+00:00Z, until None)
2026-08-18 19:59:51,151 | INFO | github | GitHub repository: manoj20027949-svg/devops (since 2026-07-19T14:29:51.151110+00:00Z, until None)
2026-08-18 19:59:51,152 | INFO | github | GitHub repository: manoj20027949-svg/devops (since 2026-07-19T14:29:51.152138+00:00Z, until None)
2026-08-18 19:59:51,152 | INFO | github | Collaborators fetched: 5
2026-08-18 19:59:51,152 | INFO | github | GitHub repository: manoj20027949-svg/devops (since 2026-07-19T14:29:51.152138+00:00Z, until None)
2026-08-18 19:59:51,152 | INFO | github | GitHub repository: manoj20027949-svg/devops (since 2026-07-19T14:29:51.152138+00:00Z, until None)
2026-08-18 19:59:51,152 | INFO | github | Collaborators fetched: 5
2026-08-18 19:59:51,167 | INFO | github | Collaborators fetched: 5
2026-08-18 19:59:51,167 | INFO | github | Invitations fetch for manoj20027949-svg/devops returned HTTP 200 with 0 pending invitation(s)
2026-08-18 19:59:51,170 | INFO | github | Collaborators fetched: 5
2026-08-18 19:59:51,170 | INFO | github | Collaborators fetched: 5
2026-08-18 19:59:51,170 | INFO | github | Invitations fetch for manoj20027949-svg/devops returned HTTP 200 with 0 pending invitation(s)
2026-08-18 19:59:51,170 | INFO | github | Invitations fetch for manoj20027949-svg/devops returned HTTP 200 with 0 pending invitation(s)
2026-08-18 19:59:51,170 | INFO | github | Team members resolved: 5
2026-08-18 19:59:51,170 | INFO | github | Invitations fetch for manoj20027949-svg/devops returned HTTP 200 with 0 pending invitation(s)
2026-08-18 19:59:51,170 | INFO | github | Invitations fetch for manoj20027949-svg/devops returned HTTP 200 with 0 pending invitation(s)
2026-08-18 19:59:51,170 | INFO | github | Team members resolved: 5
2026-08-18 19:59:51,183 | INFO | github | Team members resolved: 5
2026-08-18 19:59:51,191 | INFO | github | Team members resolved: 5
2026-08-18 19:59:51,191 | INFO | github | Team members resolved: 5
2026-08-18 19:59:53,326 | INFO | github | Commits fetched: 21 (window: 21)
2026-08-18 19:59:53,326 | INFO | github | Pull requests fetched: 0
2026-08-18 19:59:53,326 | INFO | github | Issues fetched: 0
2026-08-18 19:59:53,422 | INFO | github | Commits fetched: 21 (window: 21)
2026-08-18 19:59:53,422 | INFO | github | Pull requests fetched: 0
2026-08-18 19:59:53,422 | INFO | github | Issues fetched: 0
2026-08-18 19:59:53,565 | INFO | github | Commits fetched: 21 (window: 21)
2026-08-18 19:59:53,573 | INFO | github | Pull requests fetched: 0
2026-08-18 19:59:53,573 | INFO | github | Commits fetched: 21 (window: 21)
2026-08-18 19:59:53,573 | INFO | github | Issues fetched: 0
2026-08-18 19:59:53,573 | INFO | github | Pull requests fetched: 0
2026-08-18 19:59:53,589 | INFO | github | Commits fetched: 21 (window: 21)
2026-08-18 19:59:53,602 | INFO | github | Issues fetched: 0
2026-08-18 19:59:53,603 | INFO | github | Pull requests fetched: 0
2026-08-18 19:59:53,625 | INFO | github | Issues fetched: 0
2026-08-18 20:00:03,143 | INFO | github | GitHub repository: manoj20027949-svg/devops (since 2026-07-19T14:30:03.143129+00:00Z, until None)
2026-08-18 20:00:03,154 | INFO | github | GitHub repository: manoj20027949-svg/devops (since 2026-07-19T14:30:03.154327+00:00Z, until None)
2026-08-18 20:00:03,154 | INFO | github | GitHub repository: manoj20027949-svg/devops (since 2026-07-19T14:30:03.154327+00:00Z, until None)
2026-08-18 20:00:03,159 | INFO | github | GitHub repository: manoj20027949-svg/devops (since 2026-07-19T14:30:03.159745+00:00Z, until None)
2026-08-18 20:00:03,172 | INFO | github | GitHub repository: manoj20027949-svg/devops (since 2026-07-19T14:30:03.172991+00:00Z, until None)
2026-08-18 20:00:06,137 | INFO | github | Collaborators fetched: 5
2026-08-18 20:00:06,140 | INFO | github | Collaborators fetched: 5
2026-08-18 20:00:06,140 | INFO | github | Collaborators fetched: 5
2026-08-18 20:00:06,140 | INFO | github | Collaborators fetched: 5
2026-08-18 20:00:06,527 | INFO | github | Collaborators fetched: 5
2026-08-18 20:00:07,046 | INFO | github | Invitations fetch for manoj20027949-svg/devops returned HTTP 200 with 0 pending invitation(s)
2026-08-18 20:00:07,046 | INFO | github | Invitations fetch for manoj20027949-svg/devops returned HTTP 200 with 0 pending invitation(s)
2026-08-18 20:00:07,046 | INFO | github | Invitations fetch for manoj20027949-svg/devops returned HTTP 200 with 0 pending invitation(s)
2026-08-18 20:00:07,053 | INFO | github | Invitations fetch for manoj20027949-svg/devops returned HTTP 200 with 0 pending invitation(s)
2026-08-18 20:00:07,057 | INFO | github | Invitations fetch for manoj20027949-svg/devops returned HTTP 200 with 0 pending invitation(s)
2026-08-18 20:00:07,057 | INFO | github | Team members resolved: 5
2026-08-18 20:00:07,060 | INFO | github | Team members resolved: 5
2026-08-18 20:00:07,062 | INFO | github | Team members resolved: 5
2026-08-18 20:00:07,063 | INFO | github | Team members resolved: 5
2026-08-18 20:00:07,063 | INFO | github | Team members resolved: 5
2026-08-18 20:00:07,624 | INFO | github | Commits fetched: 21 (window: 21)
2026-08-18 20:00:07,652 | INFO | github | Commits fetched: 21 (window: 21)
2026-08-18 20:00:07,661 | INFO | github | Commits fetched: 21 (window: 21)
2026-08-18 20:00:07,665 | INFO | github | Commits fetched: 21 (window: 21)
2026-08-18 20:00:07,669 | INFO | github | Commits fetched: 21 (window: 21)
2026-08-18 20:00:08,058 | INFO | github | Pull requests fetched: 0
2026-08-18 20:00:08,059 | INFO | github | Pull requests fetched: 0
2026-08-18 20:00:08,065 | INFO | github | Pull requests fetched: 0
2026-08-18 20:00:08,090 | INFO | github | Pull requests fetched: 0
2026-08-18 20:00:08,141 | INFO | github | Pull requests fetched: 0
2026-08-18 20:00:08,575 | INFO | github | Issues fetched: 0
2026-08-18 20:00:08,646 | INFO | github | Issues fetched: 0
2026-08-18 20:00:08,813 | INFO | github | Issues fetched: 0
2026-08-18 20:00:08,849 | INFO | github | Issues fetched: 0
2026-08-18 20:00:08,853 | INFO | github | Issues fetched: 0
2026-08-18 20:00:21,134 | INFO | github | GitHub repository: manoj20027949-svg/devops (since 2026-07-19T14:30:21.134674+00:00Z, until None)
2026-08-18 20:00:21,136 | INFO | github | Collaborators fetched: 5
2026-08-18 20:00:21,136 | INFO | github | Invitations fetch for manoj20027949-svg/devops returned HTTP 200 with 0 pending invitation(s)
2026-08-18 20:00:21,139 | INFO | github | Team members resolved: 5
2026-08-18 20:00:22,584 | INFO | github | GitHub repository: manoj20027949-svg/devops (since 2026-07-19T14:30:22.584701+00:00Z, until None)
2026-08-18 20:00:22,592 | INFO | github | Collaborators fetched: 5
2026-08-18 20:00:22,601 | INFO | github | Invitations fetch for manoj20027949-svg/devops returned HTTP 200 with 0 pending invitation(s)
2026-08-18 20:00:22,606 | INFO | github | Team members resolved: 5
2026-08-18 20:00:22,661 | INFO | github | GitHub repository: manoj20027949-svg/devops (since 2026-07-19T14:30:22.661888+00:00Z, until None)
2026-08-18 20:00:22,667 | INFO | github | Collaborators fetched: 5
2026-08-18 20:00:22,676 | INFO | github | Invitations fetch for manoj20027949-svg/devops returned HTTP 200 with 0 pending invitation(s)
2026-08-18 20:00:22,678 | INFO | github | Team members resolved: 5
2026-08-18 20:00:22,709 | INFO | github | GitHub repository: manoj20027949-svg/devops (since 2026-07-19T14:30:22.709654+00:00Z, until None)
2026-08-18 20:00:22,709 | INFO | github | Collaborators fetched: 5
2026-08-18 20:00:22,717 | INFO | github | Invitations fetch for manoj20027949-svg/devops returned HTTP 200 with 0 pending invitation(s)
2026-08-18 20:00:22,727 | INFO | github | Team members resolved: 5
2026-08-18 20:00:22,737 | INFO | github | GitHub repository: manoj20027949-svg/devops (since 2026-07-19T14:30:22.737394+00:00Z, until None)
2026-08-18 20:00:22,740 | INFO | github | Collaborators fetched: 5
2026-08-18 20:00:22,743 | INFO | github | Invitations fetch for manoj20027949-svg/devops returned HTTP 200 with 0 pending invitation(s)
2026-08-18 20:00:22,743 | INFO | github | Team members resolved: 5
2026-08-18 20:00:22,756 | INFO | github | Commits fetched: 21 (window: 21)
2026-08-18 20:00:22,756 | INFO | github | Pull requests fetched: 0
2026-08-18 20:00:22,756 | INFO | github | Issues fetched: 0
2026-08-18 20:00:23,743 | INFO | github | GitHub repository: manoj20027949-svg/devops (since 2026-07-19T14:30:23.743686+00:00Z, until None)
2026-08-18 20:00:24,654 | INFO | github | Commits fetched: 21 (window: 21)
2026-08-18 20:00:24,895 | INFO | github | Commits fetched: 21 (window: 21)
2026-08-18 20:00:24,976 | INFO | github | Commits fetched: 21 (window: 21)
2026-08-18 20:00:24,992 | INFO | github | Commits fetched: 21 (window: 21)
2026-08-18 20:00:25,063 | INFO | github | Pull requests fetched: 0
2026-08-18 20:00:25,335 | INFO | github | Pull requests fetched: 0
2026-08-18 20:00:25,371 | INFO | github | Pull requests fetched: 0
2026-08-18 20:00:25,380 | INFO | github | Pull requests fetched: 0
2026-08-18 20:00:25,434 | INFO | github | Issues fetched: 0
2026-08-18 20:00:25,986 | INFO | github | Issues fetched: 0
2026-08-18 20:00:25,993 | INFO | github | Issues fetched: 0
2026-08-18 20:00:25,993 | INFO | github | Collaborators fetched: 5
2026-08-18 20:00:25,998 | INFO | github | Issues fetched: 0
2026-08-18 20:00:26,907 | INFO | github | Invitations fetch for manoj20027949-svg/devops returned HTTP 200 with 0 pending invitation(s)
2026-08-18 20:00:26,907 | INFO | github | Team members resolved: 5
2026-08-18 20:00:27,411 | INFO | github | Commits fetched: 21 (window: 21)
2026-08-18 20:00:27,420 | INFO | github | Pull requests fetched: 0
2026-08-18 20:00:27,420 | INFO | github | Issues fetched: 0
2026-08-18 20:00:32,935 | INFO | github | GitHub repository: manoj20027949-svg/devops (since 2026-07-19T14:30:32.935195+00:00Z, until None)
2026-08-18 20:00:32,935 | INFO | github | Collaborators fetched: 5
2026-08-18 20:00:32,935 | INFO | github | Invitations fetch for manoj20027949-svg/devops returned HTTP 200 with 0 pending invitation(s)
2026-08-18 20:00:32,935 | INFO | github | Team members resolved: 5
2026-08-18 20:00:34,483 | INFO | github | GitHub repository: manoj20027949-svg/devops (since 2026-07-19T14:30:34.483091+00:00Z, until None)
2026-08-18 20:00:34,485 | INFO | github | Collaborators fetched: 5
2026-08-18 20:00:34,488 | INFO | github | Invitations fetch for manoj20027949-svg/devops returned HTTP 200 with 0 pending invitation(s)
2026-08-18 20:00:34,488 | INFO | github | Team members resolved: 5
2026-08-18 20:00:35,020 | INFO | github | Commits fetched: 21 (window: 21)
2026-08-18 20:00:35,020 | INFO | github | Pull requests fetched: 0
2026-08-18 20:00:35,020 | INFO | github | Issues fetched: 0
2026-08-18 20:00:36,539 | INFO | github | Commits fetched: 21 (window: 21)
2026-08-18 20:00:36,539 | INFO | github | Pull requests fetched: 0
2026-08-18 20:00:36,576 | INFO | github | Issues fetched: 0
2026-08-18 20:00:37,976 | INFO | github | GitHub repository: manoj20027949-svg/devops (since 2026-07-19T14:30:37.976595+00:00Z, until None)
2026-08-18 20:00:37,979 | INFO | github | Collaborators fetched: 5
2026-08-18 20:00:37,982 | INFO | github | Invitations fetch for manoj20027949-svg/devops returned HTTP 200 with 0 pending invitation(s)
2026-08-18 20:00:37,985 | INFO | github | Team members resolved: 5
2026-08-18 20:00:38,030 | INFO | github | GitHub repository: manoj20027949-svg/devops (since 2026-07-19T14:30:38.030751+00:00Z, until None)
2026-08-18 20:00:38,039 | INFO | github | Collaborators fetched: 5
2026-08-18 20:00:38,055 | INFO | github | Invitations fetch for manoj20027949-svg/devops returned HTTP 200 with 0 pending invitation(s)
2026-08-18 20:00:38,083 | INFO | github | Team members resolved: 5
2026-08-18 20:00:38,111 | INFO | github | GitHub repository: manoj20027949-svg/devops (since 2026-07-19T14:30:38.111089+00:00Z, until None)
2026-08-18 20:00:38,119 | INFO | github | Collaborators fetched: 5
2026-08-18 20:00:38,123 | INFO | github | Invitations fetch for manoj20027949-svg/devops returned HTTP 200 with 0 pending invitation(s)
2026-08-18 20:00:38,153 | INFO | github | Team members resolved: 5
2026-08-18 20:00:38,174 | INFO | github | GitHub repository: manoj20027949-svg/devops (since 2026-07-19T14:30:38.174003+00:00Z, until None)
2026-08-18 20:00:38,178 | INFO | github | Collaborators fetched: 5
2026-08-18 20:00:38,194 | INFO | github | Invitations fetch for manoj20027949-svg/devops returned HTTP 200 with 0 pending invitation(s)
2026-08-18 20:00:38,206 | INFO | github | Team members resolved: 5
2026-08-18 20:00:39,957 | INFO | github | Commits fetched: 21 (window: 21)
2026-08-18 20:00:39,957 | INFO | github | Pull requests fetched: 0
2026-08-18 20:00:39,957 | INFO | github | Issues fetched: 0
2026-08-18 20:00:40,142 | INFO | github | Commits fetched: 21 (window: 21)
2026-08-18 20:00:40,142 | INFO | github | Pull requests fetched: 0
2026-08-18 20:00:40,148 | INFO | github | Commits fetched: 21 (window: 21)
2026-08-18 20:00:40,150 | INFO | github | Issues fetched: 0
2026-08-18 20:00:40,151 | INFO | github | Pull requests fetched: 0
2026-08-18 20:00:40,193 | INFO | github | Commits fetched: 21 (window: 21)
2026-08-18 20:00:40,200 | INFO | github | Issues fetched: 0
2026-08-18 20:00:40,208 | INFO | github | Pull requests fetched: 0
2026-08-18 20:00:40,231 | INFO | github | Issues fetched: 0
2026-08-18 20:00:41,835 | INFO | github | GitHub repository: manoj20027949-svg/devops (since 2026-07-19T14:30:41.835026+00:00Z, until None)
2026-08-18 20:00:41,841 | INFO | github | Collaborators fetched: 5
2026-08-18 20:00:41,849 | INFO | github | Invitations fetch for manoj20027949-svg/devops returned HTTP 200 with 0 pending invitation(s)
2026-08-18 20:00:41,862 | INFO | github | Team members resolved: 5
2026-08-18 20:00:43,602 | INFO | github | Commits fetched: 21 (window: 21)
2026-08-18 20:00:43,607 | INFO | github | Pull requests fetched: 0
2026-08-18 20:00:43,607 | INFO | github | Issues fetched: 0
2026-08-18 20:00:43,838 | INFO | github | GitHub repository: manoj20027949-svg/devops (since 2026-07-19T14:30:43.838589+00:00Z, until None)
2026-08-18 20:00:43,840 | INFO | github | Collaborators fetched: 5
2026-08-18 20:00:43,840 | INFO | github | Invitations fetch for manoj20027949-svg/devops returned HTTP 200 with 0 pending invitation(s)
2026-08-18 20:00:43,840 | INFO | github | Team members resolved: 5
2026-08-18 20:00:45,753 | INFO | github | Commits fetched: 21 (window: 21)
2026-08-18 20:00:45,753 | INFO | github | Pull requests fetched: 0
2026-08-18 20:00:45,753 | INFO | github | Issues fetched: 0
2026-08-18 20:00:45,957 | INFO | github | GitHub repository: manoj20027949-svg/devops (since 2026-07-19T14:30:45.957379+00:00Z, until None)
2026-08-18 20:00:45,960 | INFO | github | Collaborators fetched: 5
2026-08-18 20:00:45,964 | INFO | github | Invitations fetch for manoj20027949-svg/devops returned HTTP 200 with 0 pending invitation(s)
2026-08-18 20:00:45,969 | INFO | github | Team members resolved: 5
2026-08-18 20:00:47,922 | INFO | github | Commits fetched: 21 (window: 21)
2026-08-18 20:00:47,925 | INFO | github | Pull requests fetched: 0
2026-08-18 20:00:47,927 | INFO | github | Issues fetched: 0
2026-08-18 20:00:48,088 | INFO | github | GitHub repository: manoj20027949-svg/devops (since 2026-07-19T14:30:48.088535+00:00Z, until None)
2026-08-18 20:00:48,088 | INFO | github | Collaborators fetched: 5
2026-08-18 20:00:48,088 | INFO | github | Invitations fetch for manoj20027949-svg/devops returned HTTP 200 with 0 pending invitation(s)
2026-08-18 20:00:48,088 | INFO | github | Team members resolved: 5
2026-08-18 20:00:49,836 | INFO | github | Commits fetched: 21 (window: 21)
2026-08-18 20:00:49,836 | INFO | github | Pull requests fetched: 0
2026-08-18 20:00:49,836 | INFO | github | Issues fetched: 0
2026-08-18 20:00:50,157 | INFO | github | GitHub repository: manoj20027949-svg/devops (since 2026-07-19T14:30:50.157566+00:00Z, until None)
2026-08-18 20:00:50,157 | INFO | github | Collaborators fetched: 5
2026-08-18 20:00:50,157 | INFO | github | Invitations fetch for manoj20027949-svg/devops returned HTTP 200 with 0 pending invitation(s)
2026-08-18 20:00:50,157 | INFO | github | Team members resolved: 5
2026-08-18 20:00:51,137 | INFO | github | GitHub repository: manoj20027949-svg/devops (since 2026-07-19T14:30:51.137259+00:00Z, until None)
2026-08-18 20:00:51,139 | INFO | github | GitHub repository: manoj20027949-svg/devops (since 2026-07-19T14:30:51.139529+00:00Z, until None)
2026-08-18 20:00:51,141 | INFO | github | GitHub repository: manoj20027949-svg/devops (since 2026-07-19T14:30:51.141443+00:00Z, until None)
2026-08-18 20:00:51,144 | INFO | github | GitHub repository: manoj20027949-svg/devops (since 2026-07-19T14:30:51.144961+00:00Z, until None)
2026-08-18 20:00:51,144 | INFO | github | Collaborators fetched: 5
2026-08-18 20:00:51,146 | INFO | github | GitHub repository: manoj20027949-svg/devops (since 2026-07-19T14:30:51.146712+00:00Z, until None)
2026-08-18 20:00:51,146 | INFO | github | Collaborators fetched: 5
2026-08-18 20:00:51,146 | INFO | github | Collaborators fetched: 5
2026-08-18 20:00:51,146 | INFO | github | Collaborators fetched: 5
2026-08-18 20:00:51,146 | INFO | github | Invitations fetch for manoj20027949-svg/devops returned HTTP 200 with 0 pending invitation(s)
2026-08-18 20:00:51,146 | INFO | github | Collaborators fetched: 5
2026-08-18 20:00:51,146 | INFO | github | Invitations fetch for manoj20027949-svg/devops returned HTTP 200 with 0 pending invitation(s)
2026-08-18 20:00:51,155 | INFO | github | Invitations fetch for manoj20027949-svg/devops returned HTTP 200 with 0 pending invitation(s)
2026-08-18 20:00:51,155 | INFO | github | Invitations fetch for manoj20027949-svg/devops returned HTTP 200 with 0 pending invitation(s)
2026-08-18 20:00:51,156 | INFO | github | Team members resolved: 5
2026-08-18 20:00:51,156 | INFO | github | Invitations fetch for manoj20027949-svg/devops returned HTTP 200 with 0 pending invitation(s)
2026-08-18 20:00:51,156 | INFO | github | Team members resolved: 5
2026-08-18 20:00:51,156 | INFO | github | Team members resolved: 5
2026-08-18 20:00:51,156 | INFO | github | Team members resolved: 5
2026-08-18 20:00:51,163 | INFO | github | Team members resolved: 5
2026-08-18 20:00:51,699 | INFO | github | Commits fetched: 21 (window: 21)
2026-08-18 20:00:51,701 | INFO | github | Pull requests fetched: 0
2026-08-18 20:00:51,702 | INFO | github | Issues fetched: 0
2026-08-18 20:00:51,810 | INFO | github | GitHub repository: manoj20027949-svg/devops (since 2026-07-19T14:30:51.810821+00:00Z, until None)
2026-08-18 20:00:51,815 | INFO | github | Collaborators fetched: 5
2026-08-18 20:00:51,819 | INFO | github | Invitations fetch for manoj20027949-svg/devops returned HTTP 200 with 0 pending invitation(s)
2026-08-18 20:00:51,821 | INFO | github | Team members resolved: 5
2026-08-18 20:00:53,115 | INFO | github | Commits fetched: 21 (window: 21)
2026-08-18 20:00:53,115 | INFO | github | Pull requests fetched: 0
2026-08-18 20:00:53,121 | INFO | github | Issues fetched: 0
2026-08-18 20:00:53,196 | INFO | github | Commits fetched: 21 (window: 21)
2026-08-18 20:00:53,202 | INFO | github | Pull requests fetched: 0
2026-08-18 20:00:53,205 | INFO | github | Issues fetched: 0
2026-08-18 20:00:53,208 | INFO | github | Commits fetched: 21 (window: 21)
2026-08-18 20:00:53,213 | INFO | github | Commits fetched: 21 (window: 21)
2026-08-18 20:00:53,240 | INFO | github | Commits fetched: 21 (window: 21)
2026-08-18 20:00:53,240 | INFO | github | Pull requests fetched: 0
2026-08-18 20:00:53,242 | INFO | github | Pull requests fetched: 0
2026-08-18 20:00:53,244 | INFO | github | Pull requests fetched: 0
2026-08-18 20:00:53,244 | INFO | github | Issues fetched: 0
2026-08-18 20:00:53,246 | INFO | github | Issues fetched: 0
2026-08-18 20:00:53,254 | INFO | github | Issues fetched: 0
2026-08-18 20:00:53,734 | INFO | github | Commits fetched: 21 (window: 21)
2026-08-18 20:00:53,734 | INFO | github | Pull requests fetched: 0
2026-08-18 20:00:53,734 | INFO | github | Issues fetched: 0
2026-08-18 20:00:53,855 | INFO | github | GitHub repository: manoj20027949-svg/devops (since 2026-07-19T14:30:53.855085+00:00Z, until None)
2026-08-18 20:00:53,856 | INFO | github | Collaborators fetched: 5
2026-08-18 20:00:53,856 | INFO | github | Invitations fetch for manoj20027949-svg/devops returned HTTP 200 with 0 pending invitation(s)
2026-08-18 20:00:53,856 | INFO | github | Team members resolved: 5
2026-08-18 20:00:56,174 | INFO | github | Commits fetched: 21 (window: 21)
2026-08-18 20:00:56,174 | INFO | github | Pull requests fetched: 0
2026-08-18 20:00:56,174 | INFO | github | Issues fetched: 0
2026-08-18 20:00:56,411 | INFO | github | GitHub repository: manoj20027949-svg/devops (since 2026-07-19T14:30:56.411423+00:00Z, until None)
2026-08-18 20:00:56,414 | INFO | github | Collaborators fetched: 5
2026-08-18 20:00:56,418 | INFO | github | Invitations fetch for manoj20027949-svg/devops returned HTTP 200 with 0 pending invitation(s)
2026-08-18 20:00:56,418 | INFO | github | Team members resolved: 5
2026-08-18 20:00:58,053 | INFO | github | Commits fetched: 21 (window: 21)
2026-08-18 20:00:58,053 | INFO | github | Pull requests fetched: 0
2026-08-18 20:00:58,059 | INFO | github | Issues fetched: 0
2026-08-18 20:00:58,303 | INFO | github | GitHub repository: manoj20027949-svg/devops (since 2026-07-19T14:30:58.303151+00:00Z, until None)
2026-08-18 20:00:58,308 | INFO | github | Collaborators fetched: 5
2026-08-18 20:00:58,311 | INFO | github | Invitations fetch for manoj20027949-svg/devops returned HTTP 200 with 0 pending invitation(s)
2026-08-18 20:00:58,312 | INFO | github | Team members resolved: 5
2026-08-18 20:00:59,884 | INFO | github | Commits fetched: 21 (window: 21)
2026-08-18 20:00:59,884 | INFO | github | Pull requests fetched: 0
2026-08-18 20:00:59,884 | INFO | github | Issues fetched: 0
2026-08-18 20:01:00,086 | INFO | github | GitHub repository: manoj20027949-svg/devops (since 2026-07-19T14:31:00.086191+00:00Z, until None)
2026-08-18 20:01:00,087 | INFO | github | Collaborators fetched: 5
2026-08-18 20:01:00,087 | INFO | github | Invitations fetch for manoj20027949-svg/devops returned HTTP 200 with 0 pending invitation(s)
2026-08-18 20:01:00,087 | INFO | github | Team members resolved: 5
2026-08-18 20:01:01,851 | INFO | github | Commits fetched: 21 (window: 21)
2026-08-18 20:01:01,852 | INFO | github | Pull requests fetched: 0
2026-08-18 20:01:01,857 | INFO | github | Issues fetched: 0
2026-08-18 20:01:02,011 | INFO | github | GitHub repository: manoj20027949-svg/devops (since 2026-07-19T14:31:02.011053+00:00Z, until None)
2026-08-18 20:01:02,011 | INFO | github | Collaborators fetched: 5
2026-08-18 20:01:02,013 | INFO | github | Invitations fetch for manoj20027949-svg/devops returned HTTP 200 with 0 pending invitation(s)
2026-08-18 20:01:02,014 | INFO | github | Team members resolved: 5
2026-08-18 20:01:02,655 | INFO | github | GitHub repository: manoj20027949-svg/devops (since 2026-07-19T14:31:02.655782+00:00Z, until None)
2026-08-18 20:01:02,657 | INFO | github | Collaborators fetched: 5
2026-08-18 20:01:02,657 | INFO | github | Invitations fetch for manoj20027949-svg/devops returned HTTP 200 with 0 pending invitation(s)
2026-08-18 20:01:02,660 | INFO | github | Team members resolved: 5
2026-08-18 20:01:03,804 | INFO | github | Commits fetched: 21 (window: 21)
2026-08-18 20:01:03,804 | INFO | github | Pull requests fetched: 0
2026-08-18 20:01:03,807 | INFO | github | Issues fetched: 0
2026-08-18 20:01:04,832 | INFO | github | Commits fetched: 21 (window: 21)
2026-08-18 20:01:04,832 | INFO | github | Pull requests fetched: 0
2026-08-18 20:01:04,837 | INFO | github | Issues fetched: 0
2026-08-18 20:01:35,225 | INFO | github | GitHub repository: manoj20027949-svg/devops (since 2026-07-19T14:31:35.224332+00:00Z, until None)
2026-08-18 20:01:35,230 | INFO | github | GitHub repository: manoj20027949-svg/devops (since 2026-07-19T14:31:35.230416+00:00Z, until None)
2026-08-18 20:01:35,236 | INFO | github | GitHub repository: manoj20027949-svg/devops (since 2026-07-19T14:31:35.236770+00:00Z, until None)
2026-08-18 20:01:35,256 | INFO | github | GitHub repository: manoj20027949-svg/devops (since 2026-07-19T14:31:35.255368+00:00Z, until None)
2026-08-18 20:01:35,264 | INFO | github | GitHub repository: manoj20027949-svg/devops (since 2026-07-19T14:31:35.264535+00:00Z, until None)
2026-08-18 20:01:37,888 | INFO | github | Collaborators fetched: 5
2026-08-18 20:01:37,888 | INFO | github | Collaborators fetched: 5
2026-08-18 20:01:37,890 | INFO | github | Collaborators fetched: 5
2026-08-18 20:01:37,890 | INFO | github | Collaborators fetched: 5
2026-08-18 20:01:38,386 | INFO | github | Collaborators fetched: 5
2026-08-18 20:01:38,891 | INFO | github | Invitations fetch for manoj20027949-svg/devops returned HTTP 200 with 0 pending invitation(s)
2026-08-18 20:01:38,891 | INFO | github | Invitations fetch for manoj20027949-svg/devops returned HTTP 200 with 0 pending invitation(s)
2026-08-18 20:01:38,899 | INFO | github | Invitations fetch for manoj20027949-svg/devops returned HTTP 200 with 0 pending invitation(s)
2026-08-18 20:01:38,899 | INFO | github | Invitations fetch for manoj20027949-svg/devops returned HTTP 200 with 0 pending invitation(s)
2026-08-18 20:01:38,899 | INFO | github | Invitations fetch for manoj20027949-svg/devops returned HTTP 200 with 0 pending invitation(s)
2026-08-18 20:01:38,899 | INFO | github | Team members resolved: 5
2026-08-18 20:01:38,905 | INFO | github | Team members resolved: 5
2026-08-18 20:01:38,907 | INFO | github | Team members resolved: 5
2026-08-18 20:01:38,907 | INFO | github | Team members resolved: 5
2026-08-18 20:01:38,907 | INFO | github | Team members resolved: 5
2026-08-18 20:01:39,521 | INFO | github | Commits fetched: 21 (window: 21)
2026-08-18 20:01:39,521 | INFO | github | Commits fetched: 21 (window: 21)
2026-08-18 20:01:39,538 | INFO | github | Commits fetched: 21 (window: 21)
2026-08-18 20:01:39,557 | INFO | github | Commits fetched: 21 (window: 21)
2026-08-18 20:01:39,565 | INFO | github | Commits fetched: 21 (window: 21)
2026-08-18 20:01:40,003 | INFO | github | Pull requests fetched: 0
2026-08-18 20:01:40,003 | INFO | github | Pull requests fetched: 0
2026-08-18 20:01:40,003 | INFO | github | Pull requests fetched: 0
2026-08-18 20:01:40,003 | INFO | github | Pull requests fetched: 0
2026-08-18 20:01:40,003 | INFO | github | Pull requests fetched: 0
2026-08-18 20:01:40,546 | INFO | github | Issues fetched: 0
2026-08-18 20:01:40,562 | INFO | github | Issues fetched: 0
2026-08-18 20:01:40,562 | INFO | github | Issues fetched: 0
2026-08-18 20:01:40,566 | INFO | github | Issues fetched: 0
2026-08-18 20:01:40,596 | INFO | github | Issues fetched: 0
2026-08-18 20:01:52,143 | INFO | github | GitHub repository: manoj20027949-svg/devops (since 2026-07-19T14:31:52.143797+00:00Z, until None)
2026-08-18 20:01:52,149 | INFO | github | GitHub repository: manoj20027949-svg/devops (since 2026-07-19T14:31:52.149686+00:00Z, until None)
2026-08-18 20:01:52,149 | INFO | github | Collaborators fetched: 5
2026-08-18 20:01:52,153 | INFO | github | Collaborators fetched: 5
2026-08-18 20:01:52,155 | INFO | github | Invitations fetch for manoj20027949-svg/devops returned HTTP 200 with 0 pending invitation(s)
2026-08-18 20:01:52,158 | INFO | github | Invitations fetch for manoj20027949-svg/devops returned HTTP 200 with 0 pending invitation(s)
2026-08-18 20:01:52,160 | INFO | github | Team members resolved: 5
2026-08-18 20:01:52,162 | INFO | github | Team members resolved: 5
2026-08-18 20:01:52,241 | INFO | github | GitHub repository: manoj20027949-svg/devops (since 2026-07-19T14:31:52.241336+00:00Z, until None)
2026-08-18 20:01:52,252 | INFO | github | GitHub repository: manoj20027949-svg/devops (since 2026-07-19T14:31:52.252666+00:00Z, until None)
2026-08-18 20:01:52,252 | INFO | github | Collaborators fetched: 5
2026-08-18 20:01:52,252 | INFO | github | Collaborators fetched: 5
2026-08-18 20:01:52,259 | INFO | github | Invitations fetch for manoj20027949-svg/devops returned HTTP 200 with 0 pending invitation(s)
2026-08-18 20:01:52,259 | INFO | github | Invitations fetch for manoj20027949-svg/devops returned HTTP 200 with 0 pending invitation(s)
2026-08-18 20:01:52,263 | INFO | github | Team members resolved: 5
2026-08-18 20:01:52,265 | INFO | github | Team members resolved: 5
2026-08-18 20:01:52,594 | INFO | github | GitHub repository: manoj20027949-svg/devops (since 2026-07-19T14:31:52.594465+00:00Z, until None)
2026-08-18 20:01:52,602 | INFO | github | Collaborators fetched: 5
2026-08-18 20:01:52,607 | INFO | github | Invitations fetch for manoj20027949-svg/devops returned HTTP 200 with 0 pending invitation(s)
2026-08-18 20:01:52,611 | INFO | github | Team members resolved: 5
2026-08-18 20:01:54,596 | INFO | github | Commits fetched: 21 (window: 21)
2026-08-18 20:01:54,598 | INFO | github | Commits fetched: 21 (window: 21)
2026-08-18 20:01:54,598 | INFO | github | Pull requests fetched: 0
2026-08-18 20:01:54,598 | INFO | github | Commits fetched: 21 (window: 21)
2026-08-18 20:01:54,598 | INFO | github | Pull requests fetched: 0
2026-08-18 20:01:54,605 | INFO | github | Issues fetched: 0
2026-08-18 20:01:54,605 | INFO | github | Pull requests fetched: 0
2026-08-18 20:01:54,606 | INFO | github | Issues fetched: 0
2026-08-18 20:01:54,612 | INFO | github | Issues fetched: 0
2026-08-18 20:01:54,671 | INFO | github | Commits fetched: 21 (window: 21)
2026-08-18 20:01:54,671 | INFO | github | Pull requests fetched: 0
2026-08-18 20:01:54,671 | INFO | github | Issues fetched: 0
2026-08-18 20:01:54,856 | INFO | github | Commits fetched: 21 (window: 21)
2026-08-18 20:01:54,856 | INFO | github | Pull requests fetched: 0
2026-08-18 20:01:54,856 | INFO | github | Issues fetched: 0
2026-08-18 20:01:54,934 | INFO | github | GitHub repository: manoj20027949-svg/devops (since 2026-07-19T14:31:54.932479+00:00Z, until None)
2026-08-18 20:01:54,935 | INFO | github | Collaborators fetched: 5
2026-08-18 20:01:54,935 | INFO | github | Invitations fetch for manoj20027949-svg/devops returned HTTP 200 with 0 pending invitation(s)
2026-08-18 20:01:54,937 | INFO | github | Team members resolved: 5
2026-08-18 20:01:56,710 | INFO | github | Commits fetched: 21 (window: 21)
2026-08-18 20:01:56,710 | INFO | github | Pull requests fetched: 0
2026-08-18 20:01:56,710 | INFO | github | Issues fetched: 0
2026-08-18 20:01:58,539 | INFO | github | GitHub repository: manoj20027949-svg/devops (since 2026-07-19T14:31:58.539220+00:00Z, until None)
2026-08-18 20:01:58,542 | INFO | github | Collaborators fetched: 5
2026-08-18 20:01:58,542 | INFO | github | Invitations fetch for manoj20027949-svg/devops returned HTTP 200 with 0 pending invitation(s)
2026-08-18 20:01:58,542 | INFO | github | Team members resolved: 5
2026-08-18 20:02:00,822 | INFO | github | Commits fetched: 21 (window: 21)
2026-08-18 20:02:00,827 | INFO | github | Pull requests fetched: 0
2026-08-18 20:02:00,827 | INFO | github | Issues fetched: 0
2026-08-18 20:02:01,053 | INFO | github | GitHub repository: manoj20027949-svg/devops (since 2026-07-19T14:32:01.052391+00:00Z, until None)
2026-08-18 20:02:01,056 | INFO | github | Collaborators fetched: 5
2026-08-18 20:02:01,056 | INFO | github | Invitations fetch for manoj20027949-svg/devops returned HTTP 200 with 0 pending invitation(s)
2026-08-18 20:02:01,056 | INFO | github | Team members resolved: 5
2026-08-18 20:02:02,973 | INFO | github | Commits fetched: 21 (window: 21)
2026-08-18 20:02:02,988 | INFO | github | Pull requests fetched: 0
2026-08-18 20:02:02,988 | INFO | github | Issues fetched: 0
2026-08-18 20:02:03,236 | INFO | github | GitHub repository: manoj20027949-svg/devops (since 2026-07-19T14:32:03.236471+00:00Z, until None)
2026-08-18 20:02:03,240 | INFO | github | Collaborators fetched: 5
2026-08-18 20:02:03,242 | INFO | github | Invitations fetch for manoj20027949-svg/devops returned HTTP 200 with 0 pending invitation(s)
2026-08-18 20:02:03,242 | INFO | github | Team members resolved: 5
2026-08-18 20:02:05,140 | INFO | github | Commits fetched: 21 (window: 21)
2026-08-18 20:02:05,144 | INFO | github | Pull requests fetched: 0
2026-08-18 20:02:05,144 | INFO | github | Issues fetched: 0
2026-08-18 20:02:05,458 | INFO | github | GitHub repository: manoj20027949-svg/devops (since 2026-07-19T14:32:05.458526+00:00Z, until None)
2026-08-18 20:02:05,460 | INFO | github | Collaborators fetched: 5
2026-08-18 20:02:05,466 | INFO | github | Invitations fetch for manoj20027949-svg/devops returned HTTP 200 with 0 pending invitation(s)
2026-08-18 20:02:05,466 | INFO | github | Team members resolved: 5
2026-08-18 20:02:07,295 | INFO | github | Commits fetched: 21 (window: 21)
2026-08-18 20:02:07,303 | INFO | github | Pull requests fetched: 0
2026-08-18 20:02:07,305 | INFO | github | Issues fetched: 0
2026-08-18 20:02:07,559 | INFO | github | GitHub repository: manoj20027949-svg/devops (since 2026-07-19T14:32:07.559787+00:00Z, until None)
2026-08-18 20:02:07,559 | INFO | github | Collaborators fetched: 5
2026-08-18 20:02:07,563 | INFO | github | Invitations fetch for manoj20027949-svg/devops returned HTTP 200 with 0 pending invitation(s)
2026-08-18 20:02:07,563 | INFO | github | Team members resolved: 5
2026-08-18 20:02:09,545 | INFO | github | Commits fetched: 21 (window: 21)
2026-08-18 20:02:09,545 | INFO | github | Pull requests fetched: 0
2026-08-18 20:02:09,547 | INFO | github | Issues fetched: 0
2026-08-18 20:02:09,709 | INFO | github | GitHub repository: manoj20027949-svg/devops (since 2026-07-19T14:32:09.709411+00:00Z, until None)
2026-08-18 20:02:09,709 | INFO | github | Collaborators fetched: 5
2026-08-18 20:02:09,709 | INFO | github | Invitations fetch for manoj20027949-svg/devops returned HTTP 200 with 0 pending invitation(s)
2026-08-18 20:02:09,709 | INFO | github | Team members resolved: 5
2026-08-18 20:02:11,363 | INFO | github | Commits fetched: 21 (window: 21)
2026-08-18 20:02:11,364 | INFO | github | Pull requests fetched: 0
2026-08-18 20:02:11,364 | INFO | github | Issues fetched: 0
2026-08-18 20:02:11,499 | INFO | github | GitHub repository: manoj20027949-svg/devops (since 2026-07-19T14:32:11.499823+00:00Z, until None)
2026-08-18 20:02:11,499 | INFO | github | Collaborators fetched: 5
2026-08-18 20:02:11,503 | INFO | github | Invitations fetch for manoj20027949-svg/devops returned HTTP 200 with 0 pending invitation(s)
2026-08-18 20:02:11,503 | INFO | github | Team members resolved: 5
2026-08-18 20:02:13,306 | INFO | github | Commits fetched: 21 (window: 21)
2026-08-18 20:02:13,308 | INFO | github | Pull requests fetched: 0
2026-08-18 20:02:13,309 | INFO | github | Issues fetched: 0
2026-08-18 20:02:13,555 | INFO | github | GitHub repository: manoj20027949-svg/devops (since 2026-07-19T14:32:13.555167+00:00Z, until None)
2026-08-18 20:02:13,555 | INFO | github | Collaborators fetched: 5
2026-08-18 20:02:13,555 | INFO | github | Invitations fetch for manoj20027949-svg/devops returned HTTP 200 with 0 pending invitation(s)
2026-08-18 20:02:13,560 | INFO | github | Team members resolved: 5
2026-08-18 20:02:15,278 | INFO | github | Commits fetched: 21 (window: 21)
2026-08-18 20:02:15,280 | INFO | github | Pull requests fetched: 0
2026-08-18 20:02:15,281 | INFO | github | Issues fetched: 0
2026-08-18 20:02:15,513 | INFO | github | GitHub repository: manoj20027949-svg/devops (since 2026-07-19T14:32:15.513531+00:00Z, until None)
2026-08-18 20:02:15,519 | INFO | github | Collaborators fetched: 5
2026-08-18 20:02:15,522 | INFO | github | Invitations fetch for manoj20027949-svg/devops returned HTTP 200 with 0 pending invitation(s)
2026-08-18 20:02:15,522 | INFO | github | Team members resolved: 5
2026-08-18 20:02:17,110 | INFO | github | Commits fetched: 21 (window: 21)
2026-08-18 20:02:17,110 | INFO | github | Pull requests fetched: 0
2026-08-18 20:02:17,115 | INFO | github | Issues fetched: 0
2026-08-18 20:02:17,319 | INFO | github | GitHub repository: manoj20027949-svg/devops (since 2026-07-19T14:32:17.319099+00:00Z, until None)
2026-08-18 20:02:17,324 | INFO | github | Collaborators fetched: 5
2026-08-18 20:02:17,328 | INFO | github | Invitations fetch for manoj20027949-svg/devops returned HTTP 200 with 0 pending invitation(s)
2026-08-18 20:02:17,328 | INFO | github | Team members resolved: 5
2026-08-18 20:02:18,970 | INFO | github | Commits fetched: 21 (window: 21)
2026-08-18 20:02:18,971 | INFO | github | Pull requests fetched: 0
2026-08-18 20:02:18,973 | INFO | github | Issues fetched: 0
2026-08-18 20:02:19,210 | INFO | github | GitHub repository: manoj20027949-svg/devops (since 2026-07-19T14:32:19.210400+00:00Z, until None)
2026-08-18 20:02:19,210 | INFO | github | Collaborators fetched: 5
2026-08-18 20:02:19,211 | INFO | github | Invitations fetch for manoj20027949-svg/devops returned HTTP 200 with 0 pending invitation(s)
2026-08-18 20:02:19,212 | INFO | github | Team members resolved: 5
2026-08-18 20:02:20,605 | INFO | github | GitHub repository: manoj20027949-svg/devops (since 2026-07-19T14:32:20.605811+00:00Z, until None)
2026-08-18 20:02:20,608 | INFO | github | Collaborators fetched: 5
2026-08-18 20:02:20,608 | INFO | github | Invitations fetch for manoj20027949-svg/devops returned HTTP 200 with 0 pending invitation(s)
2026-08-18 20:02:20,613 | INFO | github | Team members resolved: 5
2026-08-18 20:02:20,807 | INFO | github | Commits fetched: 21 (window: 21)
2026-08-18 20:02:20,807 | INFO | github | Pull requests fetched: 0
2026-08-18 20:02:20,807 | INFO | github | Issues fetched: 0
2026-08-18 20:02:22,746 | INFO | github | Commits fetched: 21 (window: 21)
2026-08-18 20:02:22,746 | INFO | github | Pull requests fetched: 0
2026-08-18 20:02:22,746 | INFO | github | Issues fetched: 0
2026-08-18 20:02:39,060 | INFO | github | GitHub repository: manoj20027949-svg/devops (since 2026-07-19T14:32:39.060967+00:00Z, until None)
2026-08-18 20:02:41,557 | INFO | github | GitHub repository: manoj20027949-svg/devops (since 2026-07-19T14:32:41.557380+00:00Z, until None)
2026-08-18 20:02:41,573 | INFO | github | GitHub repository: manoj20027949-svg/devops (since 2026-07-19T14:32:41.573216+00:00Z, until None)
2026-08-18 20:02:41,573 | INFO | github | GitHub repository: manoj20027949-svg/devops (since 2026-07-19T14:32:41.573216+00:00Z, until None)
2026-08-18 20:02:41,589 | INFO | github | GitHub repository: manoj20027949-svg/devops (since 2026-07-19T14:32:41.589690+00:00Z, until None)
2026-08-18 20:02:41,598 | INFO | github | GitHub repository: manoj20027949-svg/devops (since 2026-07-19T14:32:41.598954+00:00Z, until None)
2026-08-18 20:02:41,700 | INFO | github | Collaborators fetched: 5
2026-08-18 20:02:42,584 | INFO | github | Invitations fetch for manoj20027949-svg/devops returned HTTP 200 with 0 pending invitation(s)
2026-08-18 20:02:42,586 | INFO | github | Team members resolved: 5
2026-08-18 20:02:43,046 | INFO | github | Commits fetched: 21 (window: 21)
2026-08-18 20:02:43,405 | INFO | github | Collaborators fetched: 5
2026-08-18 20:02:43,405 | INFO | github | Invitations fetch for manoj20027949-svg/devops returned HTTP 200 with 0 pending invitation(s)
2026-08-18 20:02:43,410 | INFO | github | Team members resolved: 5
2026-08-18 20:02:43,441 | INFO | github | Collaborators fetched: 5
2026-08-18 20:02:43,443 | INFO | github | Invitations fetch for manoj20027949-svg/devops returned HTTP 200 with 0 pending invitation(s)
2026-08-18 20:02:43,443 | INFO | github | Pull requests fetched: 0
2026-08-18 20:02:43,443 | INFO | github | Team members resolved: 5
2026-08-18 20:02:43,475 | INFO | github | Collaborators fetched: 5
2026-08-18 20:02:43,475 | INFO | github | Invitations fetch for manoj20027949-svg/devops returned HTTP 200 with 0 pending invitation(s)
2026-08-18 20:02:43,475 | INFO | github | Team members resolved: 5
2026-08-18 20:02:43,533 | INFO | github | Collaborators fetched: 5
2026-08-18 20:02:43,536 | INFO | github | Collaborators fetched: 5
2026-08-18 20:02:43,539 | INFO | github | Invitations fetch for manoj20027949-svg/devops returned HTTP 200 with 0 pending invitation(s)
2026-08-18 20:02:43,541 | INFO | github | Invitations fetch for manoj20027949-svg/devops returned HTTP 200 with 0 pending invitation(s)
2026-08-18 20:02:43,541 | INFO | github | Team members resolved: 5
2026-08-18 20:02:43,541 | INFO | github | Team members resolved: 5
2026-08-18 20:02:43,920 | INFO | github | Issues fetched: 0
2026-08-18 20:02:43,945 | INFO | github | Commits fetched: 21 (window: 21)
2026-08-18 20:02:43,945 | INFO | github | Commits fetched: 21 (window: 21)
2026-08-18 20:02:43,949 | INFO | github | Pull requests fetched: 0
2026-08-18 20:02:43,949 | INFO | github | Pull requests fetched: 0
2026-08-18 20:02:43,954 | INFO | github | Issues fetched: 0
2026-08-18 20:02:43,960 | INFO | github | Commits fetched: 21 (window: 21)
2026-08-18 20:02:43,960 | INFO | github | Issues fetched: 0
2026-08-18 20:02:43,966 | INFO | github | Pull requests fetched: 0
2026-08-18 20:02:43,976 | INFO | github | Issues fetched: 0
2026-08-18 20:02:43,991 | INFO | github | Commits fetched: 21 (window: 21)
2026-08-18 20:02:43,999 | INFO | github | Commits fetched: 21 (window: 21)
2026-08-18 20:02:44,002 | INFO | github | Pull requests fetched: 0
2026-08-18 20:02:44,004 | INFO | github | Pull requests fetched: 0
2026-08-18 20:02:44,007 | INFO | github | Issues fetched: 0
2026-08-18 20:02:44,008 | INFO | github | Issues fetched: 0
2026-08-18 20:02:55,867 | INFO | github | GitHub repository: manoj20027949-svg/devops (since 2026-07-19T14:32:55.867051+00:00Z, until None)
2026-08-18 20:02:55,877 | INFO | github | Collaborators fetched: 5
2026-08-18 20:02:55,877 | INFO | github | Invitations fetch for manoj20027949-svg/devops returned HTTP 200 with 0 pending invitation(s)
2026-08-18 20:02:55,880 | INFO | github | Team members resolved: 5
2026-08-18 20:02:56,156 | INFO | github | GitHub repository: manoj20027949-svg/devops (since 2026-07-19T14:32:56.156338+00:00Z, until None)
2026-08-18 20:02:56,172 | INFO | github | Collaborators fetched: 5
2026-08-18 20:02:56,176 | INFO | github | Invitations fetch for manoj20027949-svg/devops returned HTTP 200 with 0 pending invitation(s)
2026-08-18 20:02:56,184 | INFO | github | Team members resolved: 5
2026-08-18 20:02:56,347 | INFO | github | GitHub repository: manoj20027949-svg/devops (since 2026-07-19T14:32:56.347521+00:00Z, until None)
2026-08-18 20:02:56,372 | INFO | github | Collaborators fetched: 5
2026-08-18 20:02:56,414 | INFO | github | Invitations fetch for manoj20027949-svg/devops returned HTTP 200 with 0 pending invitation(s)
2026-08-18 20:02:56,414 | INFO | github | GitHub repository: manoj20027949-svg/devops (since 2026-07-19T14:32:56.414035+00:00Z, until None)
2026-08-18 20:02:56,428 | INFO | github | GitHub repository: manoj20027949-svg/devops (since 2026-07-19T14:32:56.428621+00:00Z, until None)
2026-08-18 20:02:56,439 | INFO | github | Team members resolved: 5
2026-08-18 20:02:56,446 | INFO | github | Collaborators fetched: 5
2026-08-18 20:02:56,448 | INFO | github | Collaborators fetched: 5
2026-08-18 20:02:56,455 | INFO | github | Invitations fetch for manoj20027949-svg/devops returned HTTP 200 with 0 pending invitation(s)
2026-08-18 20:02:56,457 | INFO | github | Invitations fetch for manoj20027949-svg/devops returned HTTP 200 with 0 pending invitation(s)
2026-08-18 20:02:56,460 | INFO | github | Team members resolved: 5
2026-08-18 20:02:56,462 | INFO | github | Team members resolved: 5
2026-08-18 20:02:58,358 | INFO | github | Commits fetched: 21 (window: 21)
2026-08-18 20:02:58,362 | INFO | github | Pull requests fetched: 0
2026-08-18 20:02:58,362 | INFO | github | Issues fetched: 0
2026-08-18 20:02:58,377 | INFO | github | Commits fetched: 21 (window: 21)
2026-08-18 20:02:58,377 | INFO | github | Pull requests fetched: 0
2026-08-18 20:02:58,383 | INFO | github | Issues fetched: 0
2026-08-18 20:02:58,427 | INFO | github | Commits fetched: 21 (window: 21)
2026-08-18 20:02:58,431 | INFO | github | Commits fetched: 21 (window: 21)
2026-08-18 20:02:58,440 | INFO | github | Pull requests fetched: 0
2026-08-18 20:02:58,441 | INFO | github | Pull requests fetched: 0
2026-08-18 20:02:58,443 | INFO | github | Issues fetched: 0
2026-08-18 20:02:58,443 | INFO | github | Issues fetched: 0
2026-08-18 20:02:58,499 | INFO | github | Commits fetched: 21 (window: 21)
2026-08-18 20:02:58,503 | INFO | github | Pull requests fetched: 0
2026-08-18 20:02:58,507 | INFO | github | Issues fetched: 0
2026-08-18 20:03:04,204 | INFO | github | GitHub repository: manoj20027949-svg/devops (since 2026-07-19T14:33:04.204632+00:00Z, until None)
2026-08-18 20:03:04,204 | INFO | github | Collaborators fetched: 5
2026-08-18 20:03:04,216 | INFO | github | Invitations fetch for manoj20027949-svg/devops returned HTTP 200 with 0 pending invitation(s)
2026-08-18 20:03:04,220 | INFO | github | Team members resolved: 5
2026-08-18 20:03:06,260 | INFO | github | Commits fetched: 21 (window: 21)
2026-08-18 20:03:06,260 | INFO | github | Pull requests fetched: 0
2026-08-18 20:03:06,260 | INFO | github | Issues fetched: 0
2026-08-18 20:03:07,710 | INFO | github | GitHub repository: manoj20027949-svg/devops (since 2026-07-19T14:33:07.710528+00:00Z, until None)
2026-08-18 20:03:07,710 | INFO | github | Collaborators fetched: 5
2026-08-18 20:03:07,712 | INFO | github | Invitations fetch for manoj20027949-svg/devops returned HTTP 200 with 0 pending invitation(s)
2026-08-18 20:03:07,714 | INFO | github | Team members resolved: 5
2026-08-18 20:03:10,063 | INFO | github | Commits fetched: 21 (window: 21)
2026-08-18 20:03:10,065 | INFO | github | Pull requests fetched: 0
2026-08-18 20:03:10,067 | INFO | github | Issues fetched: 0
2026-08-18 20:03:30,594 | INFO | github | GitHub repository: manoj20027949-svg/devops (since 2026-07-19T14:33:30.594890+00:00Z, until None)
2026-08-18 20:03:30,594 | INFO | github | Collaborators fetched: 5
2026-08-18 20:03:30,594 | INFO | github | Invitations fetch for manoj20027949-svg/devops returned HTTP 200 with 0 pending invitation(s)
2026-08-18 20:03:30,600 | INFO | github | Team members resolved: 5
2026-08-18 20:03:32,365 | INFO | github | Commits fetched: 21 (window: 21)
2026-08-18 20:03:32,370 | INFO | github | Pull requests fetched: 0
2026-08-18 20:03:32,372 | INFO | github | Issues fetched: 0
2026-08-18 20:03:46,828 | INFO | github | GitHub repository: manoj20027949-svg/devops (since 2026-07-19T14:33:46.828078+00:00Z, until None)
2026-08-18 20:03:49,180 | INFO | github | Collaborators fetched: 5
2026-08-18 20:03:50,989 | INFO | github | Invitations fetch for manoj20027949-svg/devops returned HTTP 200 with 0 pending invitation(s)
2026-08-18 20:03:50,989 | INFO | github | Team members resolved: 5
2026-08-18 20:03:51,505 | INFO | github | Commits fetched: 21 (window: 21)
2026-08-18 20:03:51,925 | INFO | github | Pull requests fetched: 0
2026-08-18 20:03:52,423 | INFO | github | Issues fetched: 0
2026-08-18 20:04:02,155 | INFO | github | GitHub repository: manoj20027949-svg/devops (since 2026-07-19T14:34:02.153996+00:00Z, until None)
2026-08-18 20:04:02,156 | INFO | github | Collaborators fetched: 5
2026-08-18 20:04:02,159 | INFO | github | Invitations fetch for manoj20027949-svg/devops returned HTTP 200 with 0 pending invitation(s)
2026-08-18 20:04:02,162 | INFO | github | Team members resolved: 5
2026-08-18 20:04:04,173 | INFO | github | Commits fetched: 21 (window: 21)
2026-08-18 20:04:04,173 | INFO | github | Pull requests fetched: 0
2026-08-18 20:04:04,179 | INFO | github | Issues fetched: 0
2026-08-18 20:04:36,744 | INFO | github | GitHub repository: manoj20027949-svg/devops (since 2026-07-19T14:34:36.744199+00:00Z, until None)
2026-08-18 20:04:36,744 | INFO | github | GitHub repository: manoj20027949-svg/devops (since 2026-07-19T14:34:36.744199+00:00Z, until None)
2026-08-18 20:04:36,753 | INFO | github | GitHub repository: manoj20027949-svg/devops (since 2026-07-19T14:34:36.753262+00:00Z, until None)
2026-08-18 20:04:36,753 | INFO | github | Collaborators fetched: 5
2026-08-18 20:04:36,756 | INFO | github | GitHub repository: manoj20027949-svg/devops (since 2026-07-19T14:34:36.756795+00:00Z, until None)
2026-08-18 20:04:36,756 | INFO | github | Collaborators fetched: 5
2026-08-18 20:04:36,756 | INFO | github | GitHub repository: manoj20027949-svg/devops (since 2026-07-19T14:34:36.756795+00:00Z, until None)
2026-08-18 20:04:36,756 | INFO | github | Collaborators fetched: 5
2026-08-18 20:04:36,756 | INFO | github | Invitations fetch for manoj20027949-svg/devops returned HTTP 200 with 0 pending invitation(s)
2026-08-18 20:04:36,769 | INFO | github | Collaborators fetched: 5
2026-08-18 20:04:36,769 | INFO | github | Invitations fetch for manoj20027949-svg/devops returned HTTP 200 with 0 pending invitation(s)
2026-08-18 20:04:36,772 | INFO | github | Collaborators fetched: 5
2026-08-18 20:04:36,772 | INFO | github | Invitations fetch for manoj20027949-svg/devops returned HTTP 200 with 0 pending invitation(s)
2026-08-18 20:04:36,772 | INFO | github | Team members resolved: 5
2026-08-18 20:04:36,772 | INFO | github | Invitations fetch for manoj20027949-svg/devops returned HTTP 200 with 0 pending invitation(s)
2026-08-18 20:04:36,772 | INFO | github | Team members resolved: 5
2026-08-18 20:04:36,780 | INFO | github | Invitations fetch for manoj20027949-svg/devops returned HTTP 200 with 0 pending invitation(s)
2026-08-18 20:04:36,780 | INFO | github | Team members resolved: 5
2026-08-18 20:04:36,788 | INFO | github | Team members resolved: 5
2026-08-18 20:04:36,790 | INFO | github | Team members resolved: 5
2026-08-18 20:04:39,020 | INFO | github | Commits fetched: 21 (window: 21)
2026-08-18 20:04:39,029 | INFO | github | Pull requests fetched: 0
2026-08-18 20:04:39,036 | INFO | github | Commits fetched: 21 (window: 21)
2026-08-18 20:04:39,037 | INFO | github | Issues fetched: 0
2026-08-18 20:04:39,042 | INFO | github | Commits fetched: 21 (window: 21)
2026-08-18 20:04:39,042 | INFO | github | Pull requests fetched: 0
2026-08-18 20:04:39,065 | INFO | github | Commits fetched: 21 (window: 21)
2026-08-18 20:04:39,067 | INFO | github | Pull requests fetched: 0
2026-08-18 20:04:39,067 | INFO | github | Issues fetched: 0
2026-08-18 20:04:39,073 | INFO | github | Pull requests fetched: 0
2026-08-18 20:04:39,078 | INFO | github | Issues fetched: 0
2026-08-18 20:04:39,090 | INFO | github | Issues fetched: 0
2026-08-18 20:04:39,441 | INFO | github | Commits fetched: 21 (window: 21)
2026-08-18 20:04:39,441 | INFO | github | Pull requests fetched: 0
2026-08-18 20:04:39,441 | INFO | github | Issues fetched: 0
2026-08-18 20:05:06,745 | INFO | github | GitHub repository: manoj20027949-svg/devops (since 2026-07-19T14:35:06.745233+00:00Z, until None)
2026-08-18 20:05:06,745 | INFO | github | GitHub repository: manoj20027949-svg/devops (since 2026-07-19T14:35:06.745233+00:00Z, until None)
2026-08-18 20:05:06,755 | INFO | github | GitHub repository: manoj20027949-svg/devops (since 2026-07-19T14:35:06.755524+00:00Z, until None)
2026-08-18 20:05:06,760 | INFO | github | GitHub repository: manoj20027949-svg/devops (since 2026-07-19T14:35:06.760563+00:00Z, until None)
2026-08-18 20:05:06,764 | INFO | github | GitHub repository: manoj20027949-svg/devops (since 2026-07-19T14:35:06.764047+00:00Z, until None)
2026-08-18 20:05:09,454 | INFO | github | Collaborators fetched: 5
2026-08-18 20:05:09,459 | INFO | github | Collaborators fetched: 5
2026-08-18 20:05:09,468 | INFO | github | Collaborators fetched: 5
2026-08-18 20:05:09,472 | INFO | github | Collaborators fetched: 5
2026-08-18 20:05:09,478 | INFO | github | Collaborators fetched: 5
2026-08-18 20:05:10,259 | INFO | github | Invitations fetch for manoj20027949-svg/devops returned HTTP 200 with 0 pending invitation(s)
2026-08-18 20:05:10,259 | INFO | github | Team members resolved: 5
2026-08-18 20:05:10,301 | INFO | github | Invitations fetch for manoj20027949-svg/devops returned HTTP 200 with 0 pending invitation(s)
2026-08-18 20:05:10,301 | INFO | github | Team members resolved: 5
2026-08-18 20:05:10,309 | INFO | github | Invitations fetch for manoj20027949-svg/devops returned HTTP 200 with 0 pending invitation(s)
2026-08-18 20:05:10,313 | INFO | github | Invitations fetch for manoj20027949-svg/devops returned HTTP 200 with 0 pending invitation(s)
2026-08-18 20:05:10,313 | INFO | github | Team members resolved: 5
2026-08-18 20:05:10,313 | INFO | github | Team members resolved: 5
2026-08-18 20:05:10,373 | INFO | github | Invitations fetch for manoj20027949-svg/devops returned HTTP 200 with 0 pending invitation(s)
2026-08-18 20:05:10,375 | INFO | github | Team members resolved: 5
2026-08-18 20:05:10,761 | INFO | github | Commits fetched: 21 (window: 21)
2026-08-18 20:05:10,770 | INFO | github | Commits fetched: 21 (window: 21)
2026-08-18 20:05:10,775 | INFO | github | Commits fetched: 21 (window: 21)
2026-08-18 20:05:10,800 | INFO | github | Commits fetched: 21 (window: 21)
2026-08-18 20:05:10,845 | INFO | github | Commits fetched: 21 (window: 21)
2026-08-18 20:05:11,172 | INFO | github | Pull requests fetched: 0
2026-08-18 20:05:11,172 | INFO | github | Pull requests fetched: 0
2026-08-18 20:05:11,192 | INFO | github | Pull requests fetched: 0
2026-08-18 20:05:11,279 | INFO | github | Pull requests fetched: 0
2026-08-18 20:05:11,663 | INFO | github | Pull requests fetched: 0
2026-08-18 20:05:11,663 | INFO | github | Issues fetched: 0
2026-08-18 20:05:11,671 | INFO | github | Issues fetched: 0
2026-08-18 20:05:11,671 | INFO | github | Issues fetched: 0
2026-08-18 20:05:11,699 | INFO | github | Issues fetched: 0
2026-08-18 20:05:11,794 | INFO | github | Issues fetched: 0
2026-08-18 20:05:29,324 | INFO | github | GitHub repository: manoj20027949-svg/devops (since 2026-07-19T14:35:29.324649+00:00Z, until None)
2026-08-18 20:05:29,324 | INFO | github | Collaborators fetched: 5
2026-08-18 20:05:29,332 | INFO | github | Invitations fetch for manoj20027949-svg/devops returned HTTP 200 with 0 pending invitation(s)
2026-08-18 20:05:29,334 | INFO | github | Team members resolved: 5
2026-08-18 20:05:31,375 | INFO | github | Commits fetched: 21 (window: 21)
2026-08-18 20:05:31,379 | INFO | github | Pull requests fetched: 0
2026-08-18 20:05:31,379 | INFO | github | Issues fetched: 0
2026-08-18 20:05:53,421 | INFO | github | GitHub repository: manoj20027949-svg/devops (since 2026-07-19T14:35:53.421976+00:00Z, until None)
2026-08-18 20:05:53,421 | INFO | github | Collaborators fetched: 5
2026-08-18 20:05:53,431 | INFO | github | Invitations fetch for manoj20027949-svg/devops returned HTTP 200 with 0 pending invitation(s)
2026-08-18 20:05:53,434 | INFO | github | Team members resolved: 5
2026-08-18 20:05:55,244 | INFO | github | Commits fetched: 21 (window: 21)
2026-08-18 20:05:55,244 | INFO | github | Pull requests fetched: 0
2026-08-18 20:05:55,244 | INFO | github | Issues fetched: 0
2026-08-18 20:06:25,588 | INFO | github | GitHub repository: manoj20027949-svg/devops (since 2026-07-19T14:36:25.588645+00:00Z, until None)
2026-08-18 20:06:25,592 | INFO | github | GitHub repository: manoj20027949-svg/devops (since 2026-07-19T14:36:25.592698+00:00Z, until None)
2026-08-18 20:06:25,597 | INFO | github | GitHub repository: manoj20027949-svg/devops (since 2026-07-19T14:36:25.597809+00:00Z, until None)
2026-08-18 20:06:25,601 | INFO | github | GitHub repository: manoj20027949-svg/devops (since 2026-07-19T14:36:25.601079+00:00Z, until None)
2026-08-18 20:06:25,609 | INFO | github | GitHub repository: manoj20027949-svg/devops (since 2026-07-19T14:36:25.609624+00:00Z, until None)
2026-08-18 20:06:25,883 | INFO | github | GitHub repository: manoj20027949-svg/devops (since 2026-07-19T14:36:25.883236+00:00Z, until None)
2026-08-18 20:06:28,423 | INFO | github | Collaborators fetched: 5
2026-08-18 20:06:28,429 | INFO | github | Collaborators fetched: 5
2026-08-18 20:06:28,429 | INFO | github | Collaborators fetched: 5
2026-08-18 20:06:28,429 | INFO | github | Collaborators fetched: 5
2026-08-18 20:06:28,429 | INFO | github | Collaborators fetched: 5
2026-08-18 20:06:28,429 | INFO | github | Collaborators fetched: 5
2026-08-18 20:06:29,509 | INFO | github | Invitations fetch for manoj20027949-svg/devops returned HTTP 200 with 0 pending invitation(s)
2026-08-18 20:06:29,511 | INFO | github | Invitations fetch for manoj20027949-svg/devops returned HTTP 200 with 0 pending invitation(s)
2026-08-18 20:06:29,514 | INFO | github | Invitations fetch for manoj20027949-svg/devops returned HTTP 200 with 0 pending invitation(s)
2026-08-18 20:06:29,515 | INFO | github | Invitations fetch for manoj20027949-svg/devops returned HTTP 200 with 0 pending invitation(s)
2026-08-18 20:06:29,515 | INFO | github | Invitations fetch for manoj20027949-svg/devops returned HTTP 200 with 0 pending invitation(s)
2026-08-18 20:06:29,522 | INFO | github | Invitations fetch for manoj20027949-svg/devops returned HTTP 200 with 0 pending invitation(s)
2026-08-18 20:06:29,524 | INFO | github | Team members resolved: 5
2026-08-18 20:06:29,524 | INFO | github | Team members resolved: 5
2026-08-18 20:06:29,524 | INFO | github | Team members resolved: 5
2026-08-18 20:06:29,529 | INFO | github | Team members resolved: 5
2026-08-18 20:06:29,529 | INFO | github | Team members resolved: 5
2026-08-18 20:06:29,529 | INFO | github | Team members resolved: 5
2026-08-18 20:06:29,989 | INFO | github | Commits fetched: 21 (window: 21)
2026-08-18 20:06:30,029 | INFO | github | Commits fetched: 21 (window: 21)
2026-08-18 20:06:30,041 | INFO | github | Commits fetched: 21 (window: 21)
2026-08-18 20:06:30,058 | INFO | github | Commits fetched: 21 (window: 21)
2026-08-18 20:06:30,074 | INFO | github | Commits fetched: 21 (window: 21)
2026-08-18 20:06:30,080 | INFO | github | Commits fetched: 21 (window: 21)
2026-08-18 20:06:30,430 | INFO | github | Pull requests fetched: 0
2026-08-18 20:06:30,466 | INFO | github | Pull requests fetched: 0
2026-08-18 20:06:30,470 | INFO | github | Pull requests fetched: 0
2026-08-18 20:06:30,482 | INFO | github | Pull requests fetched: 0
2026-08-18 20:06:30,499 | INFO | github | Pull requests fetched: 0
2026-08-18 20:06:30,515 | INFO | github | Pull requests fetched: 0
2026-08-18 20:06:31,282 | INFO | github | Issues fetched: 0
2026-08-18 20:06:31,282 | INFO | github | Issues fetched: 0
2026-08-18 20:06:31,289 | INFO | github | Issues fetched: 0
2026-08-18 20:06:31,289 | INFO | github | Issues fetched: 0
2026-08-18 20:06:31,294 | INFO | github | Issues fetched: 0
2026-08-18 20:06:31,294 | INFO | github | Issues fetched: 0
2026-08-18 20:06:53,476 | INFO | github | GitHub repository: manoj20027949-svg/devops (since 2026-07-19T14:36:53.476084+00:00Z, until None)
2026-08-18 20:06:53,476 | INFO | github | Collaborators fetched: 5
2026-08-18 20:06:53,486 | INFO | github | Invitations fetch for manoj20027949-svg/devops returned HTTP 200 with 0 pending invitation(s)
2026-08-18 20:06:53,486 | INFO | github | Team members resolved: 5
2026-08-18 20:06:55,429 | INFO | github | Commits fetched: 21 (window: 21)
2026-08-18 20:06:55,429 | INFO | github | Pull requests fetched: 0
2026-08-18 20:06:55,438 | INFO | github | Issues fetched: 0
2026-08-18 20:06:56,164 | INFO | github | GitHub repository: manoj20027949-svg/devops (since 2026-07-19T14:36:56.164149+00:00Z, until None)
2026-08-18 20:06:56,166 | INFO | github | Collaborators fetched: 5
2026-08-18 20:06:56,169 | INFO | github | Invitations fetch for manoj20027949-svg/devops returned HTTP 200 with 0 pending invitation(s)
2026-08-18 20:06:56,173 | INFO | github | Team members resolved: 5
2026-08-18 20:06:57,981 | INFO | github | Commits fetched: 21 (window: 21)
2026-08-18 20:06:57,981 | INFO | github | Pull requests fetched: 0
2026-08-18 20:06:57,981 | INFO | github | Issues fetched: 0
2026-08-18 20:07:28,330 | INFO | github | GitHub repository: manoj20027949-svg/devops (since 2026-07-19T14:37:28.330038+00:00Z, until None)
2026-08-18 20:07:28,330 | INFO | github | GitHub repository: manoj20027949-svg/devops (since 2026-07-19T14:37:28.330038+00:00Z, until None)
2026-08-18 20:07:28,330 | INFO | github | GitHub repository: manoj20027949-svg/devops (since 2026-07-19T14:37:28.330038+00:00Z, until None)
2026-08-18 20:07:28,330 | INFO | github | GitHub repository: manoj20027949-svg/devops (since 2026-07-19T14:37:28.330038+00:00Z, until None)
2026-08-18 20:07:28,345 | INFO | github | GitHub repository: manoj20027949-svg/devops (since 2026-07-19T14:37:28.345713+00:00Z, until None)
2026-08-18 20:07:30,853 | INFO | github | Collaborators fetched: 5
2026-08-18 20:07:30,853 | INFO | github | Collaborators fetched: 5
2026-08-18 20:07:30,885 | INFO | github | Collaborators fetched: 5
2026-08-18 20:07:30,942 | INFO | github | Collaborators fetched: 5
2026-08-18 20:07:30,984 | INFO | github | Collaborators fetched: 5
2026-08-18 20:07:31,651 | INFO | github | Invitations fetch for manoj20027949-svg/devops returned HTTP 200 with 0 pending invitation(s)
2026-08-18 20:07:31,665 | INFO | github | Team members resolved: 5
2026-08-18 20:07:31,847 | INFO | github | Invitations fetch for manoj20027949-svg/devops returned HTTP 200 with 0 pending invitation(s)
2026-08-18 20:07:31,853 | INFO | github | Team members resolved: 5
2026-08-18 20:07:31,853 | INFO | github | Invitations fetch for manoj20027949-svg/devops returned HTTP 200 with 0 pending invitation(s)
2026-08-18 20:07:31,869 | INFO | github | Team members resolved: 5
2026-08-18 20:07:31,885 | INFO | github | Invitations fetch for manoj20027949-svg/devops returned HTTP 200 with 0 pending invitation(s)
2026-08-18 20:07:31,891 | INFO | github | Team members resolved: 5
2026-08-18 20:07:32,205 | INFO | github | Commits fetched: 21 (window: 21)
2026-08-18 20:07:32,296 | INFO | github | Commits fetched: 21 (window: 21)
2026-08-18 20:07:32,303 | INFO | github | Invitations fetch for manoj20027949-svg/devops returned HTTP 200 with 0 pending invitation(s)
2026-08-18 20:07:32,306 | INFO | github | Team members resolved: 5
2026-08-18 20:07:32,322 | INFO | github | Commits fetched: 21 (window: 21)
2026-08-18 20:07:32,343 | INFO | github | Commits fetched: 21 (window: 21)
2026-08-18 20:07:32,583 | INFO | github | Pull requests fetched: 0
2026-08-18 20:07:32,678 | INFO | github | Pull requests fetched: 0
2026-08-18 20:07:32,747 | INFO | github | Pull requests fetched: 0
2026-08-18 20:07:32,750 | INFO | github | Commits fetched: 21 (window: 21)
2026-08-18 20:07:32,750 | INFO | github | Pull requests fetched: 0
2026-08-18 20:07:32,775 | INFO | github | Pull requests fetched: 0
2026-08-18 20:07:33,038 | INFO | github | Issues fetched: 0
2026-08-18 20:07:33,131 | INFO | github | Issues fetched: 0
2026-08-18 20:07:33,194 | INFO | github | Issues fetched: 0
2026-08-18 20:07:33,194 | INFO | github | Issues fetched: 0
2026-08-18 20:07:33,215 | INFO | github | Issues fetched: 0
2026-08-18 20:07:58,341 | INFO | github | GitHub repository: manoj20027949-svg/devops (since 2026-07-19T14:37:58.341647+00:00Z, until None)
2026-08-18 20:07:58,347 | INFO | github | GitHub repository: manoj20027949-svg/devops (since 2026-07-19T14:37:58.347378+00:00Z, until None)
2026-08-18 20:07:58,351 | INFO | github | Collaborators fetched: 5
2026-08-18 20:07:58,351 | INFO | github | GitHub repository: manoj20027949-svg/devops (since 2026-07-19T14:37:58.351162+00:00Z, until None)
2026-08-18 20:07:58,357 | INFO | github | Collaborators fetched: 5
2026-08-18 20:07:58,360 | INFO | github | GitHub repository: manoj20027949-svg/devops (since 2026-07-19T14:37:58.360842+00:00Z, until None)
2026-08-18 20:07:58,369 | INFO | github | GitHub repository: manoj20027949-svg/devops (since 2026-07-19T14:37:58.369303+00:00Z, until None)
2026-08-18 20:07:58,369 | INFO | github | Invitations fetch for manoj20027949-svg/devops returned HTTP 200 with 0 pending invitation(s)
2026-08-18 20:07:58,374 | INFO | github | Collaborators fetched: 5
2026-08-18 20:07:58,377 | INFO | github | Invitations fetch for manoj20027949-svg/devops returned HTTP 200 with 0 pending invitation(s)
2026-08-18 20:07:58,377 | INFO | github | Collaborators fetched: 5
2026-08-18 20:07:58,380 | INFO | github | Collaborators fetched: 5
2026-08-18 20:07:58,382 | INFO | github | Team members resolved: 5
2026-08-18 20:07:58,386 | INFO | github | Invitations fetch for manoj20027949-svg/devops returned HTTP 200 with 0 pending invitation(s)
2026-08-18 20:07:58,389 | INFO | github | Team members resolved: 5
2026-08-18 20:07:58,392 | INFO | github | Invitations fetch for manoj20027949-svg/devops returned HTTP 200 with 0 pending invitation(s)
2026-08-18 20:07:58,393 | INFO | github | Invitations fetch for manoj20027949-svg/devops returned HTTP 200 with 0 pending invitation(s)
2026-08-18 20:07:58,401 | INFO | github | Team members resolved: 5
2026-08-18 20:07:58,434 | INFO | github | Team members resolved: 5
2026-08-18 20:07:58,455 | INFO | github | Team members resolved: 5
2026-08-18 20:08:00,665 | INFO | github | Commits fetched: 21 (window: 21)
2026-08-18 20:08:00,680 | INFO | github | Pull requests fetched: 0
2026-08-18 20:08:00,685 | INFO | github | Commits fetched: 21 (window: 21)
2026-08-18 20:08:00,691 | INFO | github | Commits fetched: 21 (window: 21)
2026-08-18 20:08:00,694 | INFO | github | Commits fetched: 21 (window: 21)
2026-08-18 20:08:00,698 | INFO | github | Commits fetched: 21 (window: 21)
2026-08-18 20:08:00,702 | INFO | github | Issues fetched: 0
2026-08-18 20:08:00,702 | INFO | github | Pull requests fetched: 0
2026-08-18 20:08:00,708 | INFO | github | Pull requests fetched: 0
2026-08-18 20:08:00,719 | INFO | github | Pull requests fetched: 0
2026-08-18 20:08:00,721 | INFO | github | Pull requests fetched: 0
2026-08-18 20:08:00,743 | INFO | github | Issues fetched: 0
2026-08-18 20:08:00,750 | INFO | github | Issues fetched: 0
2026-08-18 20:08:00,752 | INFO | github | Issues fetched: 0
2026-08-18 20:08:00,766 | INFO | github | Issues fetched: 0
2026-08-18 20:08:28,345 | INFO | github | GitHub repository: manoj20027949-svg/devops (since 2026-07-19T14:38:28.345494+00:00Z, until None)
2026-08-18 20:08:28,349 | INFO | github | GitHub repository: manoj20027949-svg/devops (since 2026-07-19T14:38:28.349542+00:00Z, until None)
2026-08-18 20:08:28,353 | INFO | github | GitHub repository: manoj20027949-svg/devops (since 2026-07-19T14:38:28.353399+00:00Z, until None)
2026-08-18 20:08:28,353 | INFO | github | Collaborators fetched: 5
2026-08-18 20:08:28,353 | INFO | github | GitHub repository: manoj20027949-svg/devops (since 2026-07-19T14:38:28.353399+00:00Z, until None)
2026-08-18 20:08:28,353 | INFO | github | Collaborators fetched: 5
2026-08-18 20:08:28,364 | INFO | github | GitHub repository: manoj20027949-svg/devops (since 2026-07-19T14:38:28.364666+00:00Z, until None)
2026-08-18 20:08:28,364 | INFO | github | Collaborators fetched: 5
2026-08-18 20:08:28,364 | INFO | github | Invitations fetch for manoj20027949-svg/devops returned HTTP 200 with 0 pending invitation(s)
2026-08-18 20:08:28,364 | INFO | github | Collaborators fetched: 5
2026-08-18 20:08:28,371 | INFO | github | Invitations fetch for manoj20027949-svg/devops returned HTTP 200 with 0 pending invitation(s)
2026-08-18 20:08:28,373 | INFO | github | Collaborators fetched: 5
2026-08-18 20:08:28,373 | INFO | github | Invitations fetch for manoj20027949-svg/devops returned HTTP 200 with 0 pending invitation(s)
2026-08-18 20:08:28,376 | INFO | github | Team members resolved: 5
2026-08-18 20:08:28,377 | INFO | github | Invitations fetch for manoj20027949-svg/devops returned HTTP 200 with 0 pending invitation(s)
2026-08-18 20:08:28,378 | INFO | github | Team members resolved: 5
2026-08-18 20:08:28,381 | INFO | github | Invitations fetch for manoj20027949-svg/devops returned HTTP 200 with 0 pending invitation(s)
2026-08-18 20:08:28,381 | INFO | github | Team members resolved: 5
2026-08-18 20:08:28,385 | INFO | github | Team members resolved: 5
2026-08-18 20:08:28,395 | INFO | github | Team members resolved: 5
2026-08-18 20:08:30,435 | INFO | github | Commits fetched: 21 (window: 21)
2026-08-18 20:08:30,435 | INFO | github | Pull requests fetched: 0
2026-08-18 20:08:30,448 | INFO | github | Issues fetched: 0
2026-08-18 20:08:30,554 | INFO | github | Commits fetched: 21 (window: 21)
2026-08-18 20:08:30,560 | INFO | github | Pull requests fetched: 0
2026-08-18 20:08:30,560 | INFO | github | Issues fetched: 0
2026-08-18 20:08:30,600 | INFO | github | Commits fetched: 21 (window: 21)
2026-08-18 20:08:30,607 | INFO | github | Pull requests fetched: 0
2026-08-18 20:08:30,607 | INFO | github | Commits fetched: 21 (window: 21)
2026-08-18 20:08:30,607 | INFO | github | Issues fetched: 0
2026-08-18 20:08:30,607 | INFO | github | Pull requests fetched: 0
2026-08-18 20:08:30,636 | INFO | github | Issues fetched: 0
2026-08-18 20:08:30,698 | INFO | github | Commits fetched: 21 (window: 21)
2026-08-18 20:08:30,700 | INFO | github | Pull requests fetched: 0
2026-08-18 20:08:30,700 | INFO | github | Issues fetched: 0
2026-08-18 20:08:58,324 | INFO | github | GitHub repository: manoj20027949-svg/devops (since 2026-07-19T14:38:58.324291+00:00Z, until None)
2026-08-18 20:08:58,336 | INFO | github | GitHub repository: manoj20027949-svg/devops (since 2026-07-19T14:38:58.336197+00:00Z, until None)
2026-08-18 20:08:58,337 | INFO | github | GitHub repository: manoj20027949-svg/devops (since 2026-07-19T14:38:58.337939+00:00Z, until None)
2026-08-18 20:08:58,337 | INFO | github | GitHub repository: manoj20027949-svg/devops (since 2026-07-19T14:38:58.337939+00:00Z, until None)
2026-08-18 20:08:58,337 | INFO | github | GitHub repository: manoj20027949-svg/devops (since 2026-07-19T14:38:58.337939+00:00Z, until None)
2026-08-18 20:09:01,067 | INFO | github | Collaborators fetched: 5
2026-08-18 20:09:01,067 | INFO | github | Collaborators fetched: 5
2026-08-18 20:09:01,067 | INFO | github | Collaborators fetched: 5
2026-08-18 20:09:01,076 | INFO | github | Collaborators fetched: 5
2026-08-18 20:09:01,076 | INFO | github | Collaborators fetched: 5
2026-08-18 20:09:02,015 | INFO | github | Invitations fetch for manoj20027949-svg/devops returned HTTP 200 with 0 pending invitation(s)
2026-08-18 20:09:02,017 | INFO | github | Invitations fetch for manoj20027949-svg/devops returned HTTP 200 with 0 pending invitation(s)
2026-08-18 20:09:02,017 | INFO | github | Invitations fetch for manoj20027949-svg/devops returned HTTP 200 with 0 pending invitation(s)
2026-08-18 20:09:02,021 | INFO | github | Invitations fetch for manoj20027949-svg/devops returned HTTP 200 with 0 pending invitation(s)
2026-08-18 20:09:02,027 | INFO | github | Invitations fetch for manoj20027949-svg/devops returned HTTP 200 with 0 pending invitation(s)
2026-08-18 20:09:02,028 | INFO | github | Team members resolved: 5
2026-08-18 20:09:02,029 | INFO | github | Team members resolved: 5
2026-08-18 20:09:02,031 | INFO | github | Team members resolved: 5
2026-08-18 20:09:02,033 | INFO | github | Team members resolved: 5
2026-08-18 20:09:02,033 | INFO | github | Team members resolved: 5
2026-08-18 20:09:02,512 | INFO | github | Commits fetched: 21 (window: 21)
2026-08-18 20:09:02,525 | INFO | github | Commits fetched: 21 (window: 21)
2026-08-18 20:09:02,618 | INFO | github | Commits fetched: 21 (window: 21)
2026-08-18 20:09:02,689 | INFO | github | Commits fetched: 21 (window: 21)
2026-08-18 20:09:02,828 | INFO | github | Commits fetched: 21 (window: 21)
2026-08-18 20:09:02,898 | INFO | github | Pull requests fetched: 0
2026-08-18 20:09:02,950 | INFO | github | Pull requests fetched: 0
2026-08-18 20:09:03,046 | INFO | github | Pull requests fetched: 0
2026-08-18 20:09:03,062 | INFO | github | Pull requests fetched: 0
2026-08-18 20:09:03,228 | INFO | github | Pull requests fetched: 0
2026-08-18 20:09:03,360 | INFO | github | Issues fetched: 0
2026-08-18 20:09:03,414 | INFO | github | Issues fetched: 0
2026-08-18 20:09:03,440 | INFO | github | Issues fetched: 0
2026-08-18 20:09:03,445 | INFO | github | Issues fetched: 0
2026-08-18 20:09:03,635 | INFO | github | Issues fetched: 0
2026-08-18 20:09:28,600 | INFO | github | GitHub repository: manoj20027949-svg/devops (since 2026-07-19T14:39:28.600148+00:00Z, until None)
2026-08-18 20:09:28,607 | INFO | github | GitHub repository: manoj20027949-svg/devops (since 2026-07-19T14:39:28.607499+00:00Z, until None)
2026-08-18 20:09:28,610 | INFO | github | Collaborators fetched: 5
2026-08-18 20:09:28,614 | INFO | github | GitHub repository: manoj20027949-svg/devops (since 2026-07-19T14:39:28.614967+00:00Z, until None)
2026-08-18 20:09:28,620 | INFO | github | GitHub repository: manoj20027949-svg/devops (since 2026-07-19T14:39:28.620165+00:00Z, until None)
2026-08-18 20:09:28,622 | INFO | github | Collaborators fetched: 5
2026-08-18 20:09:28,638 | INFO | github | GitHub repository: manoj20027949-svg/devops (since 2026-07-19T14:39:28.638877+00:00Z, until None)
2026-08-18 20:09:28,638 | INFO | github | Invitations fetch for manoj20027949-svg/devops returned HTTP 200 with 0 pending invitation(s)
2026-08-18 20:09:28,645 | INFO | github | Collaborators fetched: 5
2026-08-18 20:09:28,645 | INFO | github | Collaborators fetched: 5
2026-08-18 20:09:28,647 | INFO | github | Invitations fetch for manoj20027949-svg/devops returned HTTP 200 with 0 pending invitation(s)
2026-08-18 20:09:28,648 | INFO | github | Collaborators fetched: 5
2026-08-18 20:09:28,650 | INFO | github | Team members resolved: 5
2026-08-18 20:09:28,653 | INFO | github | Invitations fetch for manoj20027949-svg/devops returned HTTP 200 with 0 pending invitation(s)
2026-08-18 20:09:28,655 | INFO | github | Invitations fetch for manoj20027949-svg/devops returned HTTP 200 with 0 pending invitation(s)
2026-08-18 20:09:28,659 | INFO | github | Team members resolved: 5
2026-08-18 20:09:28,659 | INFO | github | Invitations fetch for manoj20027949-svg/devops returned HTTP 200 with 0 pending invitation(s)
2026-08-18 20:09:28,663 | INFO | github | Team members resolved: 5
2026-08-18 20:09:28,669 | INFO | github | Team members resolved: 5
2026-08-18 20:09:28,678 | INFO | github | Team members resolved: 5
2026-08-18 20:09:30,816 | INFO | github | Commits fetched: 21 (window: 21)
2026-08-18 20:09:30,816 | INFO | github | Pull requests fetched: 0
2026-08-18 20:09:30,816 | INFO | github | Issues fetched: 0
2026-08-18 20:09:30,865 | INFO | github | Commits fetched: 21 (window: 21)
2026-08-18 20:09:30,865 | INFO | github | Commits fetched: 21 (window: 21)
2026-08-18 20:09:30,865 | INFO | github | Pull requests fetched: 0
2026-08-18 20:09:30,874 | INFO | github | Pull requests fetched: 0
2026-08-18 20:09:30,875 | INFO | github | Issues fetched: 0
2026-08-18 20:09:30,875 | INFO | github | Issues fetched: 0
2026-08-18 20:09:30,962 | INFO | github | Commits fetched: 21 (window: 21)
2026-08-18 20:09:30,964 | INFO | github | Commits fetched: 21 (window: 21)
2026-08-18 20:09:30,964 | INFO | github | Pull requests fetched: 0
2026-08-18 20:09:30,964 | INFO | github | Pull requests fetched: 0
2026-08-18 20:09:30,964 | INFO | github | Issues fetched: 0
2026-08-18 20:09:30,974 | INFO | github | Issues fetched: 0
2026-08-18 20:09:59,129 | INFO | github | GitHub repository: manoj20027949-svg/devops (since 2026-07-19T14:39:59.129506+00:00Z, until None)
2026-08-18 20:09:59,129 | INFO | github | GitHub repository: manoj20027949-svg/devops (since 2026-07-19T14:39:59.129506+00:00Z, until None)
2026-08-18 20:09:59,139 | INFO | github | GitHub repository: manoj20027949-svg/devops (since 2026-07-19T14:39:59.139674+00:00Z, until None)
2026-08-18 20:09:59,139 | INFO | github | Collaborators fetched: 5
2026-08-18 20:09:59,139 | INFO | github | GitHub repository: manoj20027949-svg/devops (since 2026-07-19T14:39:59.139674+00:00Z, until None)
2026-08-18 20:09:59,139 | INFO | github | Collaborators fetched: 5
2026-08-18 20:09:59,150 | INFO | github | GitHub repository: manoj20027949-svg/devops (since 2026-07-19T14:39:59.150891+00:00Z, until None)
2026-08-18 20:09:59,150 | INFO | github | Collaborators fetched: 5
2026-08-18 20:09:59,153 | INFO | github | Invitations fetch for manoj20027949-svg/devops returned HTTP 200 with 0 pending invitation(s)
2026-08-18 20:09:59,153 | INFO | github | Collaborators fetched: 5
2026-08-18 20:09:59,155 | INFO | github | Invitations fetch for manoj20027949-svg/devops returned HTTP 200 with 0 pending invitation(s)
2026-08-18 20:09:59,155 | INFO | github | Collaborators fetched: 5
2026-08-18 20:09:59,159 | INFO | github | Invitations fetch for manoj20027949-svg/devops returned HTTP 200 with 0 pending invitation(s)
2026-08-18 20:09:59,160 | INFO | github | Team members resolved: 5
2026-08-18 20:09:59,163 | INFO | github | Invitations fetch for manoj20027949-svg/devops returned HTTP 200 with 0 pending invitation(s)
2026-08-18 20:09:59,164 | INFO | github | Team members resolved: 5
2026-08-18 20:09:59,167 | INFO | github | Invitations fetch for manoj20027949-svg/devops returned HTTP 200 with 0 pending invitation(s)
2026-08-18 20:09:59,167 | INFO | github | Team members resolved: 5
2026-08-18 20:09:59,171 | INFO | github | Team members resolved: 5
2026-08-18 20:09:59,185 | INFO | github | Team members resolved: 5
2026-08-18 20:10:01,216 | INFO | github | Commits fetched: 21 (window: 21)
2026-08-18 20:10:01,216 | INFO | github | Pull requests fetched: 0
2026-08-18 20:10:01,216 | INFO | github | Issues fetched: 0
2026-08-18 20:10:01,302 | INFO | github | Commits fetched: 21 (window: 21)
2026-08-18 20:10:01,302 | INFO | github | Commits fetched: 21 (window: 21)
2026-08-18 20:10:01,302 | INFO | github | Pull requests fetched: 0
2026-08-18 20:10:01,302 | INFO | github | Pull requests fetched: 0
2026-08-18 20:10:01,317 | INFO | github | Issues fetched: 0
2026-08-18 20:10:01,319 | INFO | github | Commits fetched: 21 (window: 21)
2026-08-18 20:10:01,319 | INFO | github | Issues fetched: 0
2026-08-18 20:10:01,319 | INFO | github | Pull requests fetched: 0
2026-08-18 20:10:01,342 | INFO | github | Issues fetched: 0
2026-08-18 20:10:01,402 | INFO | github | Commits fetched: 21 (window: 21)
2026-08-18 20:10:01,404 | INFO | github | Pull requests fetched: 0
2026-08-18 20:10:01,413 | INFO | github | Issues fetched: 0
2026-08-18 20:10:29,135 | INFO | github | GitHub repository: manoj20027949-svg/devops (since 2026-07-19T14:40:29.135640+00:00Z, until None)
2026-08-18 20:10:29,150 | INFO | github | GitHub repository: manoj20027949-svg/devops (since 2026-07-19T14:40:29.150291+00:00Z, until None)
2026-08-18 20:10:29,152 | INFO | github | GitHub repository: manoj20027949-svg/devops (since 2026-07-19T14:40:29.152124+00:00Z, until None)
2026-08-18 20:10:29,162 | INFO | github | GitHub repository: manoj20027949-svg/devops (since 2026-07-19T14:40:29.162586+00:00Z, until None)
2026-08-18 20:10:29,166 | INFO | github | GitHub repository: manoj20027949-svg/devops (since 2026-07-19T14:40:29.166648+00:00Z, until None)
2026-08-18 20:10:31,804 | INFO | github | Collaborators fetched: 5
2026-08-18 20:10:31,804 | INFO | github | Collaborators fetched: 5
2026-08-18 20:10:31,804 | INFO | github | Collaborators fetched: 5
2026-08-18 20:10:31,810 | INFO | github | Collaborators fetched: 5
2026-08-18 20:10:31,890 | INFO | github | Collaborators fetched: 5
2026-08-18 20:10:32,607 | INFO | github | Invitations fetch for manoj20027949-svg/devops returned HTTP 200 with 0 pending invitation(s)
2026-08-18 20:10:32,611 | INFO | github | Team members resolved: 5
2026-08-18 20:10:32,629 | INFO | github | Invitations fetch for manoj20027949-svg/devops returned HTTP 200 with 0 pending invitation(s)
2026-08-18 20:10:32,629 | INFO | github | Invitations fetch for manoj20027949-svg/devops returned HTTP 200 with 0 pending invitation(s)
2026-08-18 20:10:32,635 | INFO | github | Invitations fetch for manoj20027949-svg/devops returned HTTP 200 with 0 pending invitation(s)
2026-08-18 20:10:32,635 | INFO | github | Team members resolved: 5
2026-08-18 20:10:32,635 | INFO | github | Team members resolved: 5
2026-08-18 20:10:32,635 | INFO | github | Team members resolved: 5
2026-08-18 20:10:32,700 | INFO | github | Invitations fetch for manoj20027949-svg/devops returned HTTP 200 with 0 pending invitation(s)
2026-08-18 20:10:32,700 | INFO | github | Team members resolved: 5
2026-08-18 20:10:33,058 | INFO | github | Commits fetched: 22 (window: 22)
2026-08-18 20:10:33,099 | INFO | github | Commits fetched: 22 (window: 22)
2026-08-18 20:10:33,106 | INFO | github | Commits fetched: 22 (window: 22)
2026-08-18 20:10:33,150 | INFO | github | Commits fetched: 22 (window: 22)
2026-08-18 20:10:33,201 | INFO | github | Commits fetched: 22 (window: 22)
2026-08-18 20:10:33,467 | INFO | github | Pull requests fetched: 0
2026-08-18 20:10:33,518 | INFO | github | Pull requests fetched: 0
2026-08-18 20:10:33,562 | INFO | github | Pull requests fetched: 0
2026-08-18 20:10:33,606 | INFO | github | Pull requests fetched: 0
2026-08-18 20:10:33,607 | INFO | github | Pull requests fetched: 0
2026-08-18 20:10:33,958 | INFO | github | Issues fetched: 0
2026-08-18 20:10:33,988 | INFO | github | Issues fetched: 0
2026-08-18 20:10:34,060 | INFO | github | Issues fetched: 0
2026-08-18 20:10:34,061 | INFO | github | Issues fetched: 0
2026-08-18 20:10:34,071 | INFO | github | Issues fetched: 0
2026-08-18 20:10:53,930 | INFO | github | GitHub repository: manoj20027949-svg/devops (since 2026-07-19T14:40:53.930984+00:00Z, until None)
2026-08-18 20:10:53,930 | INFO | github | Collaborators fetched: 5
2026-08-18 20:10:53,933 | INFO | github | Invitations fetch for manoj20027949-svg/devops returned HTTP 200 with 0 pending invitation(s)
2026-08-18 20:10:53,936 | INFO | github | Team members resolved: 5
2026-08-18 20:10:56,577 | INFO | github | Commits fetched: 22 (window: 22)
2026-08-18 20:10:56,578 | INFO | github | Pull requests fetched: 0
2026-08-18 20:10:56,582 | INFO | github | Issues fetched: 0
2026-08-18 20:11:19,725 | INFO | github | GitHub repository: manoj20027949-svg/devops (since 2026-07-19T14:41:19.725250+00:00Z, until None)
2026-08-18 20:11:19,726 | INFO | github | Collaborators fetched: 5
2026-08-18 20:11:19,731 | INFO | github | Invitations fetch for manoj20027949-svg/devops returned HTTP 200 with 0 pending invitation(s)
2026-08-18 20:11:19,731 | INFO | github | Team members resolved: 5
2026-08-18 20:11:21,470 | INFO | github | Commits fetched: 22 (window: 22)
2026-08-18 20:11:21,472 | INFO | github | Pull requests fetched: 0
2026-08-18 20:11:21,475 | INFO | github | Issues fetched: 0
2026-08-18 20:11:51,813 | INFO | github | GitHub repository: manoj20027949-svg/devops (since 2026-07-19T14:41:51.813185+00:00Z, until None)
2026-08-18 20:11:51,819 | INFO | github | GitHub repository: manoj20027949-svg/devops (since 2026-07-19T14:41:51.819761+00:00Z, until None)
2026-08-18 20:11:51,823 | INFO | github | GitHub repository: manoj20027949-svg/devops (since 2026-07-19T14:41:51.823821+00:00Z, until None)
2026-08-18 20:11:51,823 | INFO | github | GitHub repository: manoj20027949-svg/devops (since 2026-07-19T14:41:51.823821+00:00Z, until None)
2026-08-18 20:11:51,843 | INFO | github | GitHub repository: manoj20027949-svg/devops (since 2026-07-19T14:41:51.843927+00:00Z, until None)
2026-08-18 20:11:54,443 | INFO | github | Collaborators fetched: 5
2026-08-18 20:11:54,447 | INFO | github | Collaborators fetched: 5
2026-08-18 20:11:54,447 | INFO | github | Collaborators fetched: 5
2026-08-18 20:11:54,450 | INFO | github | Collaborators fetched: 5
2026-08-18 20:11:54,453 | INFO | github | Collaborators fetched: 5
2026-08-18 20:11:55,334 | INFO | github | Invitations fetch for manoj20027949-svg/devops returned HTTP 200 with 0 pending invitation(s)
2026-08-18 20:11:55,334 | INFO | github | Invitations fetch for manoj20027949-svg/devops returned HTTP 200 with 0 pending invitation(s)
2026-08-18 20:11:55,334 | INFO | github | Invitations fetch for manoj20027949-svg/devops returned HTTP 200 with 0 pending invitation(s)
2026-08-18 20:11:55,334 | INFO | github | Team members resolved: 5
2026-08-18 20:11:55,350 | INFO | github | Team members resolved: 5
2026-08-18 20:11:55,351 | INFO | github | Team members resolved: 5
2026-08-18 20:11:55,351 | INFO | github | Invitations fetch for manoj20027949-svg/devops returned HTTP 200 with 0 pending invitation(s)
2026-08-18 20:11:55,364 | INFO | github | Invitations fetch for manoj20027949-svg/devops returned HTTP 200 with 0 pending invitation(s)
2026-08-18 20:11:55,376 | INFO | github | Team members resolved: 5
2026-08-18 20:11:55,376 | INFO | github | Team members resolved: 5
2026-08-18 20:11:55,887 | INFO | github | Commits fetched: 22 (window: 22)
2026-08-18 20:11:55,903 | INFO | github | Commits fetched: 22 (window: 22)
2026-08-18 20:11:55,903 | INFO | github | Commits fetched: 22 (window: 22)
2026-08-18 20:11:55,919 | INFO | github | Commits fetched: 22 (window: 22)
2026-08-18 20:11:55,974 | INFO | github | Commits fetched: 22 (window: 22)
2026-08-18 20:11:56,351 | INFO | github | Pull requests fetched: 0
2026-08-18 20:11:56,367 | INFO | github | Pull requests fetched: 0
2026-08-18 20:11:56,367 | INFO | github | Pull requests fetched: 0
2026-08-18 20:11:56,367 | INFO | github | Pull requests fetched: 0
2026-08-18 20:11:56,387 | INFO | github | Pull requests fetched: 0
2026-08-18 20:11:56,754 | INFO | github | Issues fetched: 0
2026-08-18 20:11:56,789 | INFO | github | Issues fetched: 0
2026-08-18 20:11:56,811 | INFO | github | Issues fetched: 0
2026-08-18 20:11:56,838 | INFO | github | Issues fetched: 0
2026-08-18 20:11:56,847 | INFO | github | Issues fetched: 0
2026-08-18 20:12:21,807 | INFO | github | GitHub repository: manoj20027949-svg/devops (since 2026-07-19T14:42:21.807097+00:00Z, until None)
2026-08-18 20:12:21,807 | INFO | github | GitHub repository: manoj20027949-svg/devops (since 2026-07-19T14:42:21.807097+00:00Z, until None)
2026-08-18 20:12:21,807 | INFO | github | GitHub repository: manoj20027949-svg/devops (since 2026-07-19T14:42:21.807097+00:00Z, until None)
2026-08-18 20:12:21,807 | INFO | github | GitHub repository: manoj20027949-svg/devops (since 2026-07-19T14:42:21.807097+00:00Z, until None)
2026-08-18 20:12:21,807 | INFO | github | Collaborators fetched: 5
2026-08-18 20:12:21,822 | INFO | github | Collaborators fetched: 5
2026-08-18 20:12:21,822 | INFO | github | GitHub repository: manoj20027949-svg/devops (since 2026-07-19T14:42:21.822968+00:00Z, until None)
2026-08-18 20:12:21,822 | INFO | github | Collaborators fetched: 5
2026-08-18 20:12:21,822 | INFO | github | Collaborators fetched: 5
2026-08-18 20:12:21,822 | INFO | github | Invitations fetch for manoj20027949-svg/devops returned HTTP 200 with 0 pending invitation(s)
2026-08-18 20:12:21,822 | INFO | github | Invitations fetch for manoj20027949-svg/devops returned HTTP 200 with 0 pending invitation(s)
2026-08-18 20:12:21,822 | INFO | github | Collaborators fetched: 5
2026-08-18 20:12:21,822 | INFO | github | Invitations fetch for manoj20027949-svg/devops returned HTTP 200 with 0 pending invitation(s)
2026-08-18 20:12:21,822 | INFO | github | Invitations fetch for manoj20027949-svg/devops returned HTTP 200 with 0 pending invitation(s)
2026-08-18 20:12:21,822 | INFO | github | Team members resolved: 5
2026-08-18 20:12:21,822 | INFO | github | Team members resolved: 5
2026-08-18 20:12:21,822 | INFO | github | Invitations fetch for manoj20027949-svg/devops returned HTTP 200 with 0 pending invitation(s)
2026-08-18 20:12:21,822 | INFO | github | Team members resolved: 5
2026-08-18 20:12:21,822 | INFO | github | Team members resolved: 5
2026-08-18 20:12:21,844 | INFO | github | Team members resolved: 5
2026-08-18 20:12:23,916 | INFO | github | Commits fetched: 22 (window: 22)
2026-08-18 20:12:23,918 | INFO | github | Pull requests fetched: 0
2026-08-18 20:12:23,918 | INFO | github | Issues fetched: 0
2026-08-18 20:12:23,940 | INFO | github | Commits fetched: 22 (window: 22)
2026-08-18 20:12:23,949 | INFO | github | Pull requests fetched: 0
2026-08-18 20:12:23,949 | INFO | github | Issues fetched: 0
2026-08-18 20:12:24,047 | INFO | github | Commits fetched: 22 (window: 22)
2026-08-18 20:12:24,047 | INFO | github | Pull requests fetched: 0
2026-08-18 20:12:24,047 | INFO | github | Issues fetched: 0
2026-08-18 20:12:24,076 | INFO | github | Commits fetched: 22 (window: 22)
2026-08-18 20:12:24,079 | INFO | github | Pull requests fetched: 0
2026-08-18 20:12:24,081 | INFO | github | Issues fetched: 0
2026-08-18 20:12:24,540 | INFO | github | Commits fetched: 22 (window: 22)
2026-08-18 20:12:24,540 | INFO | github | Pull requests fetched: 0
2026-08-18 20:12:24,542 | INFO | github | Issues fetched: 0
2026-08-18 20:12:51,805 | INFO | github | GitHub repository: manoj20027949-svg/devops (since 2026-07-19T14:42:51.805510+00:00Z, until None)
2026-08-18 20:12:51,810 | INFO | github | GitHub repository: manoj20027949-svg/devops (since 2026-07-19T14:42:51.810798+00:00Z, until None)
2026-08-18 20:12:51,810 | INFO | github | GitHub repository: manoj20027949-svg/devops (since 2026-07-19T14:42:51.810798+00:00Z, until None)
2026-08-18 20:12:51,810 | INFO | github | Collaborators fetched: 5
2026-08-18 20:12:51,817 | INFO | github | GitHub repository: manoj20027949-svg/devops (since 2026-07-19T14:42:51.817339+00:00Z, until None)
2026-08-18 20:12:51,817 | INFO | github | Collaborators fetched: 5
2026-08-18 20:12:51,823 | INFO | github | GitHub repository: manoj20027949-svg/devops (since 2026-07-19T14:42:51.823886+00:00Z, until None)
2026-08-18 20:12:51,826 | INFO | github | Collaborators fetched: 5
2026-08-18 20:12:51,828 | INFO | github | Invitations fetch for manoj20027949-svg/devops returned HTTP 200 with 0 pending invitation(s)
2026-08-18 20:12:51,829 | INFO | github | Collaborators fetched: 5
2026-08-18 20:12:51,831 | INFO | github | Invitations fetch for manoj20027949-svg/devops returned HTTP 200 with 0 pending invitation(s)
2026-08-18 20:12:51,831 | INFO | github | Collaborators fetched: 5
2026-08-18 20:12:51,831 | INFO | github | Invitations fetch for manoj20027949-svg/devops returned HTTP 200 with 0 pending invitation(s)
2026-08-18 20:12:51,831 | INFO | github | Team members resolved: 5
2026-08-18 20:12:51,831 | INFO | github | Invitations fetch for manoj20027949-svg/devops returned HTTP 200 with 0 pending invitation(s)
2026-08-18 20:12:51,831 | INFO | github | Team members resolved: 5
2026-08-18 20:12:51,841 | INFO | github | Invitations fetch for manoj20027949-svg/devops returned HTTP 200 with 0 pending invitation(s)
2026-08-18 20:12:51,843 | INFO | github | Team members resolved: 5
2026-08-18 20:12:51,850 | INFO | github | Team members resolved: 5
2026-08-18 20:12:51,850 | INFO | github | Team members resolved: 5
2026-08-18 20:12:54,046 | INFO | github | Commits fetched: 22 (window: 22)
2026-08-18 20:12:54,051 | INFO | github | Pull requests fetched: 0
2026-08-18 20:12:54,057 | INFO | github | Commits fetched: 22 (window: 22)
2026-08-18 20:12:54,057 | INFO | github | Issues fetched: 0
2026-08-18 20:12:54,059 | INFO | github | Pull requests fetched: 0
2026-08-18 20:12:54,078 | INFO | github | Commits fetched: 22 (window: 22)
2026-08-18 20:12:54,084 | INFO | github | Issues fetched: 0
2026-08-18 20:12:54,084 | INFO | github | Commits fetched: 22 (window: 22)
2026-08-18 20:12:54,089 | INFO | github | Pull requests fetched: 0
2026-08-18 20:12:54,095 | INFO | github | Commits fetched: 22 (window: 22)
2026-08-18 20:12:54,105 | INFO | github | Pull requests fetched: 0
2026-08-18 20:12:54,112 | INFO | github | Issues fetched: 0
2026-08-18 20:12:54,114 | INFO | github | Pull requests fetched: 0
2026-08-18 20:12:54,114 | INFO | github | Issues fetched: 0
2026-08-18 20:12:54,137 | INFO | github | Issues fetched: 0
2026-08-18 20:13:21,804 | INFO | github | GitHub repository: manoj20027949-svg/devops (since 2026-07-19T14:43:21.804580+00:00Z, until None)
2026-08-18 20:13:21,807 | INFO | github | GitHub repository: manoj20027949-svg/devops (since 2026-07-19T14:43:21.807449+00:00Z, until None)
2026-08-18 20:13:21,810 | INFO | github | GitHub repository: manoj20027949-svg/devops (since 2026-07-19T14:43:21.810239+00:00Z, until None)
2026-08-18 20:13:21,815 | INFO | github | GitHub repository: manoj20027949-svg/devops (since 2026-07-19T14:43:21.815748+00:00Z, until None)
2026-08-18 20:13:21,821 | INFO | github | GitHub repository: manoj20027949-svg/devops (since 2026-07-19T14:43:21.821231+00:00Z, until None)
2026-08-18 20:13:24,321 | INFO | github | Collaborators fetched: 5
2026-08-18 20:13:24,339 | INFO | github | Collaborators fetched: 5
2026-08-18 20:13:24,339 | INFO | github | Collaborators fetched: 5
2026-08-18 20:13:24,354 | INFO | github | Collaborators fetched: 5
2026-08-18 20:13:24,446 | INFO | github | Collaborators fetched: 5
2026-08-18 20:13:25,121 | INFO | github | Invitations fetch for manoj20027949-svg/devops returned HTTP 200 with 0 pending invitation(s)
2026-08-18 20:13:25,121 | INFO | github | Team members resolved: 5
2026-08-18 20:13:25,137 | INFO | github | Invitations fetch for manoj20027949-svg/devops returned HTTP 200 with 0 pending invitation(s)
2026-08-18 20:13:25,137 | INFO | github | Team members resolved: 5
2026-08-18 20:13:25,145 | INFO | github | Invitations fetch for manoj20027949-svg/devops returned HTTP 200 with 0 pending invitation(s)
2026-08-18 20:13:25,145 | INFO | github | Team members resolved: 5
2026-08-18 20:13:25,235 | INFO | github | Invitations fetch for manoj20027949-svg/devops returned HTTP 200 with 0 pending invitation(s)
2026-08-18 20:13:25,235 | INFO | github | Team members resolved: 5
2026-08-18 20:13:25,425 | INFO | github | Invitations fetch for manoj20027949-svg/devops returned HTTP 200 with 0 pending invitation(s)
2026-08-18 20:13:25,438 | INFO | github | Team members resolved: 5
2026-08-18 20:13:25,580 | INFO | github | Commits fetched: 22 (window: 22)
2026-08-18 20:13:25,580 | INFO | github | Commits fetched: 22 (window: 22)
2026-08-18 20:13:25,668 | INFO | github | Commits fetched: 22 (window: 22)
2026-08-18 20:13:25,692 | INFO | github | Commits fetched: 22 (window: 22)
2026-08-18 20:13:25,984 | INFO | github | Pull requests fetched: 0
2026-08-18 20:13:26,017 | INFO | github | Pull requests fetched: 0
2026-08-18 20:13:26,027 | INFO | github | Commits fetched: 22 (window: 22)
2026-08-18 20:13:26,027 | INFO | github | Pull requests fetched: 0
2026-08-18 20:13:26,044 | INFO | github | Pull requests fetched: 0
2026-08-18 20:13:26,063 | INFO | github | Pull requests fetched: 0
2026-08-18 20:13:26,470 | INFO | github | Issues fetched: 0
2026-08-18 20:13:26,470 | INFO | github | Issues fetched: 0
2026-08-18 20:13:26,503 | INFO | github | Issues fetched: 0
2026-08-18 20:13:26,503 | INFO | github | Issues fetched: 0
2026-08-18 20:13:26,519 | INFO | github | Issues fetched: 0
2026-08-18 20:13:51,804 | INFO | github | GitHub repository: manoj20027949-svg/devops (since 2026-07-19T14:43:51.804091+00:00Z, until None)
2026-08-18 20:13:51,810 | INFO | github | GitHub repository: manoj20027949-svg/devops (since 2026-07-19T14:43:51.810179+00:00Z, until None)
2026-08-18 20:13:51,812 | INFO | github | GitHub repository: manoj20027949-svg/devops (since 2026-07-19T14:43:51.812224+00:00Z, until None)
2026-08-18 20:13:51,815 | INFO | github | Collaborators fetched: 5
2026-08-18 20:13:51,815 | INFO | github | GitHub repository: manoj20027949-svg/devops (since 2026-07-19T14:43:51.815740+00:00Z, until None)
2026-08-18 20:13:51,815 | INFO | github | Collaborators fetched: 5
2026-08-18 20:13:51,815 | INFO | github | GitHub repository: manoj20027949-svg/devops (since 2026-07-19T14:43:51.815740+00:00Z, until None)
2026-08-18 20:13:51,827 | INFO | github | Collaborators fetched: 5
2026-08-18 20:13:51,831 | INFO | github | Invitations fetch for manoj20027949-svg/devops returned HTTP 200 with 0 pending invitation(s)
2026-08-18 20:13:51,832 | INFO | github | Collaborators fetched: 5
2026-08-18 20:13:51,832 | INFO | github | Invitations fetch for manoj20027949-svg/devops returned HTTP 200 with 0 pending invitation(s)
2026-08-18 20:13:51,832 | INFO | github | Collaborators fetched: 5
2026-08-18 20:13:51,832 | INFO | github | Invitations fetch for manoj20027949-svg/devops returned HTTP 200 with 0 pending invitation(s)
2026-08-18 20:13:51,832 | INFO | github | Team members resolved: 5
2026-08-18 20:13:51,832 | INFO | github | Invitations fetch for manoj20027949-svg/devops returned HTTP 200 with 0 pending invitation(s)
2026-08-18 20:13:51,842 | INFO | github | Team members resolved: 5
2026-08-18 20:13:51,845 | INFO | github | Invitations fetch for manoj20027949-svg/devops returned HTTP 200 with 0 pending invitation(s)
2026-08-18 20:13:51,845 | INFO | github | Team members resolved: 5
2026-08-18 20:13:51,849 | INFO | github | Team members resolved: 5
2026-08-18 20:13:51,860 | INFO | github | Team members resolved: 5
2026-08-18 20:13:54,042 | INFO | github | Commits fetched: 22 (window: 22)
2026-08-18 20:13:54,042 | INFO | github | Pull requests fetched: 0
2026-08-18 20:13:54,058 | INFO | github | Commits fetched: 22 (window: 22)
2026-08-18 20:13:54,058 | INFO | github | Issues fetched: 0
2026-08-18 20:13:54,058 | INFO | github | Pull requests fetched: 0
2026-08-18 20:13:54,083 | INFO | github | Commits fetched: 22 (window: 22)
2026-08-18 20:13:54,083 | INFO | github | Issues fetched: 0
2026-08-18 20:13:54,083 | INFO | github | Pull requests fetched: 0
2026-08-18 20:13:54,103 | INFO | github | Issues fetched: 0
2026-08-18 20:13:54,130 | INFO | github | Commits fetched: 22 (window: 22)
2026-08-18 20:13:54,134 | INFO | github | Pull requests fetched: 0
2026-08-18 20:13:54,135 | INFO | github | Commits fetched: 22 (window: 22)
2026-08-18 20:13:54,145 | INFO | github | Issues fetched: 0
2026-08-18 20:13:54,149 | INFO | github | Pull requests fetched: 0
2026-08-18 20:13:54,165 | INFO | github | Issues fetched: 0
2026-08-18 20:14:12,185 | INFO | github | GitHub repository: manoj20027949-svg/devops (since 2026-07-19T14:44:12.185116+00:00Z, until None)
2026-08-18 20:14:12,185 | INFO | github | Collaborators fetched: 5
2026-08-18 20:14:12,185 | INFO | github | Invitations fetch for manoj20027949-svg/devops returned HTTP 200 with 0 pending invitation(s)
2026-08-18 20:14:12,185 | INFO | github | Team members resolved: 5
2026-08-18 20:14:13,884 | INFO | github | Commits fetched: 22 (window: 22)
2026-08-18 20:14:13,884 | INFO | github | Pull requests fetched: 0
2026-08-18 20:14:13,884 | INFO | github | Issues fetched: 0
2026-08-18 20:14:21,814 | INFO | github | GitHub repository: manoj20027949-svg/devops (since 2026-07-19T14:44:21.814022+00:00Z, until None)
2026-08-18 20:14:21,816 | INFO | github | Collaborators fetched: 5
2026-08-18 20:14:21,820 | INFO | github | GitHub repository: manoj20027949-svg/devops (since 2026-07-19T14:44:21.820217+00:00Z, until None)
2026-08-18 20:14:21,824 | INFO | github | GitHub repository: manoj20027949-svg/devops (since 2026-07-19T14:44:21.824310+00:00Z, until None)
2026-08-18 20:14:21,824 | INFO | github | Invitations fetch for manoj20027949-svg/devops returned HTTP 200 with 0 pending invitation(s)
2026-08-18 20:14:21,831 | INFO | github | GitHub repository: manoj20027949-svg/devops (since 2026-07-19T14:44:21.831411+00:00Z, until None)
2026-08-18 20:14:21,832 | INFO | github | Collaborators fetched: 5
2026-08-18 20:14:21,832 | INFO | github | Collaborators fetched: 5
2026-08-18 20:14:21,832 | INFO | github | GitHub repository: manoj20027949-svg/devops (since 2026-07-19T14:44:21.832431+00:00Z, until None)
2026-08-18 20:14:21,832 | INFO | github | Team members resolved: 5
2026-08-18 20:14:21,832 | INFO | github | Collaborators fetched: 5
2026-08-18 20:14:21,840 | INFO | github | Invitations fetch for manoj20027949-svg/devops returned HTTP 200 with 0 pending invitation(s)
2026-08-18 20:14:21,840 | INFO | github | Invitations fetch for manoj20027949-svg/devops returned HTTP 200 with 0 pending invitation(s)
2026-08-18 20:14:21,840 | INFO | github | Collaborators fetched: 5
2026-08-18 20:14:21,846 | INFO | github | Invitations fetch for manoj20027949-svg/devops returned HTTP 200 with 0 pending invitation(s)
2026-08-18 20:14:21,848 | INFO | github | Team members resolved: 5
2026-08-18 20:14:21,851 | INFO | github | Team members resolved: 5
2026-08-18 20:14:21,853 | INFO | github | Invitations fetch for manoj20027949-svg/devops returned HTTP 200 with 0 pending invitation(s)
2026-08-18 20:14:21,855 | INFO | github | Team members resolved: 5
2026-08-18 20:14:21,864 | INFO | github | Team members resolved: 5
2026-08-18 20:14:23,959 | INFO | github | Commits fetched: 22 (window: 22)
2026-08-18 20:14:23,964 | INFO | github | Commits fetched: 22 (window: 22)
2026-08-18 20:14:23,968 | INFO | github | Pull requests fetched: 0
2026-08-18 20:14:23,974 | INFO | github | Commits fetched: 22 (window: 22)
2026-08-18 20:14:23,977 | INFO | github | Commits fetched: 22 (window: 22)
2026-08-18 20:14:23,977 | INFO | github | Pull requests fetched: 0
2026-08-18 20:14:23,977 | INFO | github | Issues fetched: 0
2026-08-18 20:14:23,977 | INFO | github | Pull requests fetched: 0
2026-08-18 20:14:23,984 | INFO | github | Pull requests fetched: 0
2026-08-18 20:14:23,992 | INFO | github | Commits fetched: 22 (window: 22)
2026-08-18 20:14:23,993 | INFO | github | Issues fetched: 0
2026-08-18 20:14:24,011 | INFO | github | Issues fetched: 0
2026-08-18 20:14:24,021 | INFO | github | Issues fetched: 0
2026-08-18 20:14:24,022 | INFO | github | Pull requests fetched: 0
2026-08-18 20:14:24,095 | INFO | github | Issues fetched: 0
2026-08-18 20:14:44,218 | INFO | github | GitHub repository: manoj20027949-svg/devops (since 2026-07-19T14:44:44.218722+00:00Z, until None)
2026-08-18 20:14:45,628 | INFO | github | Collaborators fetched: 5
2026-08-18 20:14:46,653 | INFO | github | Invitations fetch for manoj20027949-svg/devops returned HTTP 200 with 0 pending invitation(s)
2026-08-18 20:14:46,653 | INFO | github | Team members resolved: 5
2026-08-18 20:14:47,314 | INFO | github | Commits fetched: 22 (window: 22)
2026-08-18 20:14:47,783 | INFO | github | Pull requests fetched: 0
2026-08-18 20:14:48,189 | INFO | github | Issues fetched: 0
2026-08-18 20:14:51,814 | INFO | github | GitHub repository: manoj20027949-svg/devops (since 2026-07-19T14:44:51.814309+00:00Z, until None)
2026-08-18 20:14:51,814 | INFO | github | GitHub repository: manoj20027949-svg/devops (since 2026-07-19T14:44:51.814309+00:00Z, until None)
2026-08-18 20:14:51,814 | INFO | github | GitHub repository: manoj20027949-svg/devops (since 2026-07-19T14:44:51.814309+00:00Z, until None)
2026-08-18 20:14:51,819 | INFO | github | Collaborators fetched: 5
2026-08-18 20:14:51,822 | INFO | github | GitHub repository: manoj20027949-svg/devops (since 2026-07-19T14:44:51.822258+00:00Z, until None)
2026-08-18 20:14:51,826 | INFO | github | GitHub repository: manoj20027949-svg/devops (since 2026-07-19T14:44:51.826122+00:00Z, until None)
2026-08-18 20:14:51,827 | INFO | github | Collaborators fetched: 5
2026-08-18 20:14:51,828 | INFO | github | Collaborators fetched: 5
2026-08-18 20:14:51,831 | INFO | github | Invitations fetch for manoj20027949-svg/devops returned HTTP 200 with 0 pending invitation(s)
2026-08-18 20:14:51,831 | INFO | github | Collaborators fetched: 5
2026-08-18 20:14:51,833 | INFO | github | Collaborators fetched: 5
2026-08-18 20:14:51,836 | INFO | github | Invitations fetch for manoj20027949-svg/devops returned HTTP 200 with 0 pending invitation(s)
2026-08-18 20:14:51,838 | INFO | github | Invitations fetch for manoj20027949-svg/devops returned HTTP 200 with 0 pending invitation(s)
2026-08-18 20:14:51,838 | INFO | github | Team members resolved: 5
2026-08-18 20:14:51,842 | INFO | github | Invitations fetch for manoj20027949-svg/devops returned HTTP 200 with 0 pending invitation(s)
2026-08-18 20:14:51,844 | INFO | github | Invitations fetch for manoj20027949-svg/devops returned HTTP 200 with 0 pending invitation(s)
2026-08-18 20:14:51,846 | INFO | github | Team members resolved: 5
2026-08-18 20:14:51,846 | INFO | github | Team members resolved: 5
2026-08-18 20:14:51,851 | INFO | github | Team members resolved: 5
2026-08-18 20:14:51,851 | INFO | github | Team members resolved: 5
2026-08-18 20:14:53,948 | INFO | github | Commits fetched: 22 (window: 22)
2026-08-18 20:14:53,961 | INFO | github | Pull requests fetched: 0
2026-08-18 20:14:53,962 | INFO | github | Issues fetched: 0
2026-08-18 20:14:54,003 | INFO | github | Commits fetched: 22 (window: 22)
2026-08-18 20:14:54,011 | INFO | github | Pull requests fetched: 0
2026-08-18 20:14:54,013 | INFO | github | Commits fetched: 22 (window: 22)
2026-08-18 20:14:54,013 | INFO | github | Commits fetched: 22 (window: 22)
2026-08-18 20:14:54,013 | INFO | github | Issues fetched: 0
2026-08-18 20:14:54,018 | INFO | github | Commits fetched: 22 (window: 22)
2026-08-18 20:14:54,021 | INFO | github | Pull requests fetched: 0
2026-08-18 20:14:54,021 | INFO | github | Pull requests fetched: 0
2026-08-18 20:14:54,029 | INFO | github | Pull requests fetched: 0
2026-08-18 20:14:54,034 | INFO | github | Issues fetched: 0
2026-08-18 20:14:54,034 | INFO | github | Issues fetched: 0
2026-08-18 20:14:54,034 | INFO | github | Issues fetched: 0
2026-08-18 20:15:33,140 | INFO | github | GitHub repository: manoj20027949-svg/devops (since 2026-07-19T14:45:33.140261+00:00Z, until None)
2026-08-18 20:15:33,146 | INFO | github | GitHub repository: manoj20027949-svg/devops (since 2026-07-19T14:45:33.146321+00:00Z, until None)
2026-08-18 20:15:33,148 | INFO | github | GitHub repository: manoj20027949-svg/devops (since 2026-07-19T14:45:33.140261+00:00Z, until None)
2026-08-18 20:15:33,148 | INFO | github | GitHub repository: manoj20027949-svg/devops (since 2026-07-19T14:45:33.148604+00:00Z, until None)
2026-08-18 20:15:33,148 | INFO | github | Collaborators fetched: 5
2026-08-18 20:15:33,160 | INFO | github | GitHub repository: manoj20027949-svg/devops (since 2026-07-19T14:45:33.160214+00:00Z, until None)
2026-08-18 20:15:33,161 | INFO | github | Collaborators fetched: 5
2026-08-18 20:15:33,163 | INFO | github | Collaborators fetched: 5
2026-08-18 20:15:33,167 | INFO | github | Collaborators fetched: 5
2026-08-18 20:15:33,169 | INFO | github | Invitations fetch for manoj20027949-svg/devops returned HTTP 200 with 0 pending invitation(s)
2026-08-18 20:15:33,171 | INFO | github | Collaborators fetched: 5
2026-08-18 20:15:33,171 | INFO | github | Invitations fetch for manoj20027949-svg/devops returned HTTP 200 with 0 pending invitation(s)
2026-08-18 20:15:33,171 | INFO | github | Invitations fetch for manoj20027949-svg/devops returned HTTP 200 with 0 pending invitation(s)
2026-08-18 20:15:33,180 | INFO | github | Invitations fetch for manoj20027949-svg/devops returned HTTP 200 with 0 pending invitation(s)
2026-08-18 20:15:33,184 | INFO | github | Team members resolved: 5
2026-08-18 20:15:33,185 | INFO | github | Invitations fetch for manoj20027949-svg/devops returned HTTP 200 with 0 pending invitation(s)
2026-08-18 20:15:33,185 | INFO | github | Team members resolved: 5
2026-08-18 20:15:33,187 | INFO | github | Team members resolved: 5
2026-08-18 20:15:33,187 | INFO | github | Team members resolved: 5
2026-08-18 20:15:33,199 | INFO | github | Team members resolved: 5
2026-08-18 20:15:35,310 | INFO | github | Commits fetched: 22 (window: 22)
2026-08-18 20:15:35,314 | INFO | github | Pull requests fetched: 0
2026-08-18 20:15:35,319 | INFO | github | Issues fetched: 0
2026-08-18 20:15:35,328 | INFO | github | Commits fetched: 22 (window: 22)
2026-08-18 20:15:35,330 | INFO | github | Commits fetched: 22 (window: 22)
2026-08-18 20:15:35,338 | INFO | github | Commits fetched: 22 (window: 22)
2026-08-18 20:15:35,348 | INFO | github | Pull requests fetched: 0
2026-08-18 20:15:35,351 | INFO | github | Pull requests fetched: 0
2026-08-18 20:15:35,356 | INFO | github | Pull requests fetched: 0
2026-08-18 20:15:35,356 | INFO | github | Issues fetched: 0
2026-08-18 20:15:35,360 | INFO | github | Issues fetched: 0
2026-08-18 20:15:35,360 | INFO | github | Issues fetched: 0
2026-08-18 20:15:35,369 | INFO | github | Commits fetched: 22 (window: 22)
2026-08-18 20:15:35,391 | INFO | github | Pull requests fetched: 0
2026-08-18 20:15:35,395 | INFO | github | Issues fetched: 0
2026-08-18 20:16:02,652 | INFO | github | GitHub repository: manoj20027949-svg/devops (since 2026-07-19T14:46:02.652114+00:00Z, until None)
2026-08-18 20:16:02,658 | INFO | github | GitHub repository: manoj20027949-svg/devops (since 2026-07-19T14:46:02.658301+00:00Z, until None)
2026-08-18 20:16:02,659 | INFO | github | GitHub repository: manoj20027949-svg/devops (since 2026-07-19T14:46:02.659832+00:00Z, until None)
2026-08-18 20:16:02,675 | INFO | github | GitHub repository: manoj20027949-svg/devops (since 2026-07-19T14:46:02.675681+00:00Z, until None)
2026-08-18 20:16:02,680 | INFO | github | GitHub repository: manoj20027949-svg/devops (since 2026-07-19T14:46:02.680125+00:00Z, until None)
2026-08-18 20:16:05,298 | INFO | github | Collaborators fetched: 5
2026-08-18 20:16:05,308 | INFO | github | Collaborators fetched: 5
2026-08-18 20:16:05,308 | INFO | github | Collaborators fetched: 5
2026-08-18 20:16:05,311 | INFO | github | Collaborators fetched: 5
2026-08-18 20:16:05,314 | INFO | github | Collaborators fetched: 5
2026-08-18 20:16:05,952 | INFO | github | GitHub repository: manoj20027949-svg/devops (since 2026-07-19T14:46:05.952886+00:00Z, until None)
2026-08-18 20:16:05,963 | INFO | github | Collaborators fetched: 5
2026-08-18 20:16:06,526 | INFO | github | Invitations fetch for manoj20027949-svg/devops returned HTTP 200 with 0 pending invitation(s)
2026-08-18 20:16:06,528 | INFO | github | Invitations fetch for manoj20027949-svg/devops returned HTTP 200 with 0 pending invitation(s)
2026-08-18 20:16:06,528 | INFO | github | Invitations fetch for manoj20027949-svg/devops returned HTTP 200 with 0 pending invitation(s)
2026-08-18 20:16:06,530 | INFO | github | Invitations fetch for manoj20027949-svg/devops returned HTTP 200 with 0 pending invitation(s)
2026-08-18 20:16:06,530 | INFO | github | Invitations fetch for manoj20027949-svg/devops returned HTTP 200 with 0 pending invitation(s)
2026-08-18 20:16:06,530 | INFO | github | Team members resolved: 5
2026-08-18 20:16:06,532 | INFO | github | Team members resolved: 5
2026-08-18 20:16:06,532 | INFO | github | Team members resolved: 5
2026-08-18 20:16:06,534 | INFO | github | Team members resolved: 5
2026-08-18 20:16:06,534 | INFO | github | Team members resolved: 5
2026-08-18 20:16:07,008 | INFO | github | Commits fetched: 22 (window: 22)
2026-08-18 20:16:07,011 | INFO | github | Commits fetched: 22 (window: 22)
2026-08-18 20:16:07,014 | INFO | github | Commits fetched: 22 (window: 22)
2026-08-18 20:16:07,029 | INFO | github | Commits fetched: 22 (window: 22)
2026-08-18 20:16:07,142 | INFO | github | Commits fetched: 22 (window: 22)
2026-08-18 20:16:07,645 | INFO | github | Pull requests fetched: 0
2026-08-18 20:16:07,645 | INFO | github | Pull requests fetched: 0
2026-08-18 20:16:07,645 | INFO | github | Pull requests fetched: 0
2026-08-18 20:16:07,683 | INFO | github | Invitations fetch for manoj20027949-svg/devops returned HTTP 200 with 0 pending invitation(s)
2026-08-18 20:16:07,691 | INFO | github | Team members resolved: 5
2026-08-18 20:16:07,713 | INFO | github | Pull requests fetched: 0
2026-08-18 20:16:07,716 | INFO | github | Pull requests fetched: 0
2026-08-18 20:16:08,165 | INFO | github | Issues fetched: 0
2026-08-18 20:16:08,165 | INFO | github | Issues fetched: 0
2026-08-18 20:16:08,171 | INFO | github | Issues fetched: 0
2026-08-18 20:16:08,175 | INFO | github | Issues fetched: 0
2026-08-18 20:16:08,193 | INFO | github | Commits fetched: 22 (window: 22)
2026-08-18 20:16:08,201 | INFO | github | Pull requests fetched: 0
2026-08-18 20:16:08,209 | INFO | github | Issues fetched: 0
2026-08-18 20:16:08,263 | INFO | github | Issues fetched: 0
2026-08-18 20:16:50,886 | INFO | github | GitHub repository: manoj20027949-svg/devops (since 2026-07-19T14:46:50.886009+00:00Z, until None)
2026-08-18 20:16:50,890 | INFO | github | GitHub repository: manoj20027949-svg/devops (since 2026-07-19T14:46:50.890047+00:00Z, until None)
2026-08-18 20:16:50,892 | INFO | github | GitHub repository: manoj20027949-svg/devops (since 2026-07-19T14:46:50.892963+00:00Z, until None)
2026-08-18 20:16:50,895 | INFO | github | Collaborators fetched: 5
2026-08-18 20:16:50,899 | INFO | github | GitHub repository: manoj20027949-svg/devops (since 2026-07-19T14:46:50.899531+00:00Z, until None)
2026-08-18 20:16:50,899 | INFO | github | Collaborators fetched: 5
2026-08-18 20:16:50,899 | INFO | github | Collaborators fetched: 5
2026-08-18 20:16:50,899 | INFO | github | GitHub repository: manoj20027949-svg/devops (since 2026-07-19T14:46:50.899531+00:00Z, until None)
2026-08-18 20:16:50,899 | INFO | github | Invitations fetch for manoj20027949-svg/devops returned HTTP 200 with 0 pending invitation(s)
2026-08-18 20:16:50,908 | INFO | github | Collaborators fetched: 5
2026-08-18 20:16:50,908 | INFO | github | Invitations fetch for manoj20027949-svg/devops returned HTTP 200 with 0 pending invitation(s)
2026-08-18 20:16:50,915 | INFO | github | Invitations fetch for manoj20027949-svg/devops returned HTTP 200 with 0 pending invitation(s)
2026-08-18 20:16:50,917 | INFO | github | Collaborators fetched: 5
2026-08-18 20:16:50,917 | INFO | github | Team members resolved: 5
2026-08-18 20:16:50,917 | INFO | github | Invitations fetch for manoj20027949-svg/devops returned HTTP 200 with 0 pending invitation(s)
2026-08-18 20:16:50,917 | INFO | github | Team members resolved: 5
2026-08-18 20:16:50,917 | INFO | github | Team members resolved: 5
2026-08-18 20:16:50,925 | INFO | github | Invitations fetch for manoj20027949-svg/devops returned HTTP 200 with 0 pending invitation(s)
2026-08-18 20:16:50,935 | INFO | github | Team members resolved: 5
2026-08-18 20:16:50,945 | INFO | github | Team members resolved: 5
2026-08-18 20:16:52,989 | INFO | github | Commits fetched: 22 (window: 22)
2026-08-18 20:16:52,989 | INFO | github | Pull requests fetched: 0
2026-08-18 20:16:52,998 | INFO | github | Issues fetched: 0
2026-08-18 20:16:53,017 | INFO | github | Commits fetched: 22 (window: 22)
2026-08-18 20:16:53,017 | INFO | github | Pull requests fetched: 0
2026-08-18 20:16:53,020 | INFO | github | Issues fetched: 0
2026-08-18 20:16:53,051 | INFO | github | Commits fetched: 22 (window: 22)
2026-08-18 20:16:53,056 | INFO | github | Commits fetched: 22 (window: 22)
2026-08-18 20:16:53,058 | INFO | github | Pull requests fetched: 0
2026-08-18 20:16:53,058 | INFO | github | Pull requests fetched: 0
2026-08-18 20:16:53,061 | INFO | github | Issues fetched: 0
2026-08-18 20:16:53,062 | INFO | github | Issues fetched: 0
2026-08-18 20:16:53,129 | INFO | github | Commits fetched: 22 (window: 22)
2026-08-18 20:16:53,129 | INFO | github | Pull requests fetched: 0
2026-08-18 20:16:53,134 | INFO | github | Issues fetched: 0
2026-08-18 20:17:20,881 | INFO | github | GitHub repository: manoj20027949-svg/devops (since 2026-07-19T14:47:20.881623+00:00Z, until None)
2026-08-18 20:17:20,890 | INFO | github | GitHub repository: manoj20027949-svg/devops (since 2026-07-19T14:47:20.890284+00:00Z, until None)
2026-08-18 20:17:20,890 | INFO | github | GitHub repository: manoj20027949-svg/devops (since 2026-07-19T14:47:20.890284+00:00Z, until None)
2026-08-18 20:17:20,895 | INFO | github | GitHub repository: manoj20027949-svg/devops (since 2026-07-19T14:47:20.895117+00:00Z, until None)
2026-08-18 20:17:20,899 | INFO | github | GitHub repository: manoj20027949-svg/devops (since 2026-07-19T14:47:20.899888+00:00Z, until None)
2026-08-18 20:17:23,530 | INFO | github | Collaborators fetched: 5
2026-08-18 20:17:23,530 | INFO | github | Collaborators fetched: 5
2026-08-18 20:17:23,537 | INFO | github | Collaborators fetched: 5
2026-08-18 20:17:23,540 | INFO | github | Collaborators fetched: 5
2026-08-18 20:17:23,540 | INFO | github | Collaborators fetched: 5
2026-08-18 20:17:24,456 | INFO | github | Invitations fetch for manoj20027949-svg/devops returned HTTP 200 with 0 pending invitation(s)
2026-08-18 20:17:24,456 | INFO | github | Invitations fetch for manoj20027949-svg/devops returned HTTP 200 with 0 pending invitation(s)
2026-08-18 20:17:24,460 | INFO | github | Invitations fetch for manoj20027949-svg/devops returned HTTP 200 with 0 pending invitation(s)
2026-08-18 20:17:24,460 | INFO | github | Invitations fetch for manoj20027949-svg/devops returned HTTP 200 with 0 pending invitation(s)
2026-08-18 20:17:24,460 | INFO | github | Invitations fetch for manoj20027949-svg/devops returned HTTP 200 with 0 pending invitation(s)
2026-08-18 20:17:24,460 | INFO | github | Team members resolved: 5
2026-08-18 20:17:24,460 | INFO | github | Team members resolved: 5
2026-08-18 20:17:24,460 | INFO | github | Team members resolved: 5
2026-08-18 20:17:24,468 | INFO | github | Team members resolved: 5
2026-08-18 20:17:24,470 | INFO | github | Team members resolved: 5
2026-08-18 20:17:24,976 | INFO | github | Commits fetched: 22 (window: 22)
2026-08-18 20:17:24,981 | INFO | github | Commits fetched: 22 (window: 22)
2026-08-18 20:17:24,987 | INFO | github | Commits fetched: 22 (window: 22)
2026-08-18 20:17:25,020 | INFO | github | Commits fetched: 22 (window: 22)
2026-08-18 20:17:25,030 | INFO | github | Commits fetched: 22 (window: 22)
2026-08-18 20:17:25,582 | INFO | github | Pull requests fetched: 1
2026-08-18 20:17:25,590 | INFO | github | Pull requests fetched: 1
2026-08-18 20:17:25,590 | INFO | github | Pull requests fetched: 1
2026-08-18 20:17:25,590 | INFO | github | Pull requests fetched: 1
2026-08-18 20:17:25,590 | INFO | github | Pull requests fetched: 1
2026-08-18 20:17:27,634 | INFO | github | Issues fetched: 1
2026-08-18 20:17:27,634 | INFO | github | Issues fetched: 1
2026-08-18 20:17:27,634 | INFO | github | Issues fetched: 1
2026-08-18 20:17:27,640 | INFO | github | Issues fetched: 1
2026-08-18 20:17:27,640 | INFO | github | Issues fetched: 1
2026-08-18 20:17:41,265 | INFO | github | GitHub repository: manoj20027949-svg/devops (since 2026-07-19T14:47:41.265751+00:00Z, until None)
2026-08-18 20:17:43,921 | INFO | github | Collaborators fetched: 5
2026-08-18 20:17:44,731 | INFO | github | Invitations fetch for manoj20027949-svg/devops returned HTTP 200 with 0 pending invitation(s)
2026-08-18 20:17:44,733 | INFO | github | Team members resolved: 5
2026-08-18 20:17:45,195 | INFO | github | Commits fetched: 22 (window: 22)
2026-08-18 20:17:45,615 | INFO | github | Pull requests fetched: 1
2026-08-18 20:17:48,002 | INFO | github | Issues fetched: 1
2026-08-18 20:17:50,879 | INFO | github | GitHub repository: manoj20027949-svg/devops (since 2026-07-19T14:47:50.879686+00:00Z, until None)
2026-08-18 20:17:50,887 | INFO | github | GitHub repository: manoj20027949-svg/devops (since 2026-07-19T14:47:50.879686+00:00Z, until None)
2026-08-18 20:17:50,887 | INFO | github | GitHub repository: manoj20027949-svg/devops (since 2026-07-19T14:47:50.887179+00:00Z, until None)
2026-08-18 20:17:50,887 | INFO | github | Collaborators fetched: 5
2026-08-18 20:17:50,887 | INFO | github | GitHub repository: manoj20027949-svg/devops (since 2026-07-19T14:47:50.887179+00:00Z, until None)
2026-08-18 20:17:50,900 | INFO | github | GitHub repository: manoj20027949-svg/devops (since 2026-07-19T14:47:50.900488+00:00Z, until None)
2026-08-18 20:17:50,900 | INFO | github | Collaborators fetched: 5
2026-08-18 20:17:50,900 | INFO | github | Collaborators fetched: 5
2026-08-18 20:17:50,903 | INFO | github | Invitations fetch for manoj20027949-svg/devops returned HTTP 200 with 0 pending invitation(s)
2026-08-18 20:17:50,906 | INFO | github | Collaborators fetched: 5
2026-08-18 20:17:50,908 | INFO | github | Collaborators fetched: 5
2026-08-18 20:17:50,908 | INFO | github | Invitations fetch for manoj20027949-svg/devops returned HTTP 200 with 0 pending invitation(s)
2026-08-18 20:17:50,914 | INFO | github | Invitations fetch for manoj20027949-svg/devops returned HTTP 200 with 0 pending invitation(s)
2026-08-18 20:17:50,914 | INFO | github | Team members resolved: 5
2026-08-18 20:17:50,917 | INFO | github | Invitations fetch for manoj20027949-svg/devops returned HTTP 200 with 0 pending invitation(s)
2026-08-18 20:17:50,917 | INFO | github | Invitations fetch for manoj20027949-svg/devops returned HTTP 200 with 0 pending invitation(s)
2026-08-18 20:17:50,919 | INFO | github | Team members resolved: 5
2026-08-18 20:17:50,921 | INFO | github | Team members resolved: 5
2026-08-18 20:17:50,927 | INFO | github | Team members resolved: 5
2026-08-18 20:17:50,931 | INFO | github | Team members resolved: 5
2026-08-18 20:17:53,231 | INFO | github | Commits fetched: 22 (window: 22)
2026-08-18 20:17:53,231 | INFO | github | Commits fetched: 22 (window: 22)
2026-08-18 20:17:53,231 | INFO | github | Pull requests fetched: 1
2026-08-18 20:17:53,243 | INFO | github | Pull requests fetched: 1
2026-08-18 20:17:53,246 | INFO | github | Commits fetched: 22 (window: 22)
2026-08-18 20:17:53,246 | INFO | github | Issues fetched: 1
2026-08-18 20:17:53,246 | INFO | github | Commits fetched: 22 (window: 22)
2026-08-18 20:17:53,251 | INFO | github | Commits fetched: 22 (window: 22)
2026-08-18 20:17:53,251 | INFO | github | Issues fetched: 1
2026-08-18 20:17:53,251 | INFO | github | Pull requests fetched: 1
2026-08-18 20:17:53,259 | INFO | github | Pull requests fetched: 1
2026-08-18 20:17:53,259 | INFO | github | Pull requests fetched: 1
2026-08-18 20:17:53,267 | INFO | github | Issues fetched: 1
2026-08-18 20:17:53,267 | INFO | github | Issues fetched: 1
2026-08-18 20:17:53,267 | INFO | github | Issues fetched: 1
2026-08-18 20:18:31,367 | INFO | github | GitHub repository: manoj20027949-svg/devops (since 2026-07-19T14:48:31.367396+00:00Z, until None)
2026-08-18 20:18:31,369 | INFO | github | GitHub repository: manoj20027949-svg/devops (since 2026-07-19T14:48:31.369992+00:00Z, until None)
2026-08-18 20:18:31,369 | INFO | github | GitHub repository: manoj20027949-svg/devops (since 2026-07-19T14:48:31.369992+00:00Z, until None)
2026-08-18 20:18:31,369 | INFO | github | Collaborators fetched: 5
2026-08-18 20:18:31,369 | INFO | github | GitHub repository: manoj20027949-svg/devops (since 2026-07-19T14:48:31.369992+00:00Z, until None)
2026-08-18 20:18:31,378 | INFO | github | GitHub repository: manoj20027949-svg/devops (since 2026-07-19T14:48:31.378735+00:00Z, until None)
2026-08-18 20:18:31,380 | INFO | github | Collaborators fetched: 5
2026-08-18 20:18:31,380 | INFO | github | Collaborators fetched: 5
2026-08-18 20:18:31,380 | INFO | github | Invitations fetch for manoj20027949-svg/devops returned HTTP 200 with 0 pending invitation(s)
2026-08-18 20:18:31,380 | INFO | github | Collaborators fetched: 5
2026-08-18 20:18:31,385 | INFO | github | Collaborators fetched: 5
2026-08-18 20:18:31,385 | INFO | github | Invitations fetch for manoj20027949-svg/devops returned HTTP 200 with 0 pending invitation(s)
2026-08-18 20:18:31,385 | INFO | github | Invitations fetch for manoj20027949-svg/devops returned HTTP 200 with 0 pending invitation(s)
2026-08-18 20:18:31,390 | INFO | github | Team members resolved: 5
2026-08-18 20:18:31,390 | INFO | github | Invitations fetch for manoj20027949-svg/devops returned HTTP 200 with 0 pending invitation(s)
2026-08-18 20:18:31,390 | INFO | github | Invitations fetch for manoj20027949-svg/devops returned HTTP 200 with 0 pending invitation(s)
2026-08-18 20:18:31,390 | INFO | github | Team members resolved: 5
2026-08-18 20:18:31,397 | INFO | github | Team members resolved: 5
2026-08-18 20:18:31,403 | INFO | github | Team members resolved: 5
2026-08-18 20:18:31,407 | INFO | github | Team members resolved: 5
2026-08-18 20:18:33,466 | INFO | github | Commits fetched: 22 (window: 22)
2026-08-18 20:18:33,466 | INFO | github | Pull requests fetched: 1
2026-08-18 20:18:33,466 | INFO | github | Issues fetched: 1
2026-08-18 20:18:33,501 | INFO | github | Commits fetched: 22 (window: 22)
2026-08-18 20:18:33,504 | INFO | github | Pull requests fetched: 1
2026-08-18 20:18:33,504 | INFO | github | Issues fetched: 1
2026-08-18 20:18:33,547 | INFO | github | Commits fetched: 22 (window: 22)
2026-08-18 20:18:33,547 | INFO | github | Commits fetched: 22 (window: 22)
2026-08-18 20:18:33,555 | INFO | github | Pull requests fetched: 1
2026-08-18 20:18:33,555 | INFO | github | Pull requests fetched: 1
2026-08-18 20:18:33,555 | INFO | github | Issues fetched: 1
2026-08-18 20:18:33,559 | INFO | github | Issues fetched: 1
2026-08-18 20:18:33,636 | INFO | github | Commits fetched: 22 (window: 22)
2026-08-18 20:18:33,636 | INFO | github | Pull requests fetched: 1
2026-08-18 20:18:33,636 | INFO | github | Issues fetched: 1
2026-08-18 20:19:02,132 | INFO | github | GitHub repository: manoj20027949-svg/devops (since 2026-07-19T14:49:02.132077+00:00Z, until None)
2026-08-18 20:19:02,135 | INFO | github | GitHub repository: manoj20027949-svg/devops (since 2026-07-19T14:49:02.135608+00:00Z, until None)
2026-08-18 20:19:02,135 | INFO | github | GitHub repository: manoj20027949-svg/devops (since 2026-07-19T14:49:02.135608+00:00Z, until None)
2026-08-18 20:19:02,154 | INFO | github | GitHub repository: manoj20027949-svg/devops (since 2026-07-19T14:49:02.154186+00:00Z, until None)
2026-08-18 20:19:02,154 | INFO | github | GitHub repository: manoj20027949-svg/devops (since 2026-07-19T14:49:02.154186+00:00Z, until None)
2026-08-18 20:19:04,799 | INFO | github | Collaborators fetched: 5
2026-08-18 20:19:04,799 | INFO | github | Collaborators fetched: 5
2026-08-18 20:19:04,799 | INFO | github | Collaborators fetched: 5
2026-08-18 20:19:04,799 | INFO | github | Collaborators fetched: 5
2026-08-18 20:19:04,799 | INFO | github | Collaborators fetched: 5
2026-08-18 20:19:05,726 | INFO | github | Invitations fetch for manoj20027949-svg/devops returned HTTP 200 with 0 pending invitation(s)
2026-08-18 20:19:05,731 | INFO | github | Invitations fetch for manoj20027949-svg/devops returned HTTP 200 with 0 pending invitation(s)
2026-08-18 20:19:05,734 | INFO | github | Invitations fetch for manoj20027949-svg/devops returned HTTP 200 with 0 pending invitation(s)
2026-08-18 20:19:05,734 | INFO | github | Invitations fetch for manoj20027949-svg/devops returned HTTP 200 with 0 pending invitation(s)
2026-08-18 20:19:05,734 | INFO | github | Team members resolved: 5
2026-08-18 20:19:05,734 | INFO | github | Team members resolved: 5
2026-08-18 20:19:05,734 | INFO | github | Team members resolved: 5
2026-08-18 20:19:05,734 | INFO | github | Team members resolved: 5
2026-08-18 20:19:05,775 | INFO | github | Invitations fetch for manoj20027949-svg/devops returned HTTP 200 with 0 pending invitation(s)
2026-08-18 20:19:05,783 | INFO | github | Team members resolved: 5
2026-08-18 20:19:06,350 | INFO | github | Commits fetched: 22 (window: 22)
2026-08-18 20:19:06,354 | INFO | github | Commits fetched: 22 (window: 22)
2026-08-18 20:19:06,368 | INFO | github | Commits fetched: 22 (window: 22)
2026-08-18 20:19:06,372 | INFO | github | Commits fetched: 22 (window: 22)
2026-08-18 20:19:06,389 | INFO | github | Commits fetched: 22 (window: 22)
2026-08-18 20:19:06,843 | INFO | github | Pull requests fetched: 1
2026-08-18 20:19:06,843 | INFO | github | Pull requests fetched: 1
2026-08-18 20:19:06,843 | INFO | github | Pull requests fetched: 1
2026-08-18 20:19:06,868 | INFO | github | Pull requests fetched: 1
2026-08-18 20:19:06,879 | INFO | github | Pull requests fetched: 1
2026-08-18 20:19:09,312 | INFO | github | Issues fetched: 1
2026-08-18 20:19:09,319 | INFO | github | Issues fetched: 1
2026-08-18 20:19:09,319 | INFO | github | Issues fetched: 1
2026-08-18 20:19:09,319 | INFO | github | Issues fetched: 1
2026-08-18 20:19:09,319 | INFO | github | Issues fetched: 1
2026-08-18 20:19:32,130 | INFO | github | GitHub repository: manoj20027949-svg/devops (since 2026-07-19T14:49:32.125592+00:00Z, until None)
2026-08-18 20:19:32,131 | INFO | github | GitHub repository: manoj20027949-svg/devops (since 2026-07-19T14:49:32.131825+00:00Z, until None)
2026-08-18 20:19:32,133 | INFO | github | GitHub repository: manoj20027949-svg/devops (since 2026-07-19T14:49:32.133216+00:00Z, until None)
2026-08-18 20:19:32,135 | INFO | github | Collaborators fetched: 5
2026-08-18 20:19:32,135 | INFO | github | Collaborators fetched: 5
2026-08-18 20:19:32,137 | INFO | github | GitHub repository: manoj20027949-svg/devops (since 2026-07-19T14:49:32.137996+00:00Z, until None)
2026-08-18 20:19:32,137 | INFO | github | Collaborators fetched: 5
2026-08-18 20:19:32,137 | INFO | github | GitHub repository: manoj20027949-svg/devops (since 2026-07-19T14:49:32.137996+00:00Z, until None)
2026-08-18 20:19:32,137 | INFO | github | Invitations fetch for manoj20027949-svg/devops returned HTTP 200 with 0 pending invitation(s)
2026-08-18 20:19:32,142 | INFO | github | Invitations fetch for manoj20027949-svg/devops returned HTTP 200 with 0 pending invitation(s)
2026-08-18 20:19:32,142 | INFO | github | Collaborators fetched: 5
2026-08-18 20:19:32,142 | INFO | github | Invitations fetch for manoj20027949-svg/devops returned HTTP 200 with 0 pending invitation(s)
2026-08-18 20:19:32,142 | INFO | github | Collaborators fetched: 5
2026-08-18 20:19:32,144 | INFO | github | Team members resolved: 5
2026-08-18 20:19:32,144 | INFO | github | Team members resolved: 5
2026-08-18 20:19:32,144 | INFO | github | Invitations fetch for manoj20027949-svg/devops returned HTTP 200 with 0 pending invitation(s)
2026-08-18 20:19:32,148 | INFO | github | Team members resolved: 5
2026-08-18 20:19:32,148 | INFO | github | Invitations fetch for manoj20027949-svg/devops returned HTTP 200 with 0 pending invitation(s)
2026-08-18 20:19:32,165 | INFO | github | Team members resolved: 5
2026-08-18 20:19:32,174 | INFO | github | Team members resolved: 5
2026-08-18 20:19:34,413 | INFO | github | Commits fetched: 23 (window: 23)
2026-08-18 20:19:34,415 | INFO | github | Commits fetched: 23 (window: 23)
2026-08-18 20:19:34,415 | INFO | github | Commits fetched: 23 (window: 23)
2026-08-18 20:19:34,415 | INFO | github | Commits fetched: 23 (window: 23)
2026-08-18 20:19:34,415 | INFO | github | Pull requests fetched: 1
2026-08-18 20:19:34,428 | INFO | github | Commits fetched: 23 (window: 23)
2026-08-18 20:19:34,428 | INFO | github | Pull requests fetched: 1
2026-08-18 20:19:34,428 | INFO | github | Pull requests fetched: 1
2026-08-18 20:19:34,431 | INFO | github | Pull requests fetched: 1
2026-08-18 20:19:34,431 | INFO | github | Issues fetched: 1
2026-08-18 20:19:34,431 | INFO | github | Pull requests fetched: 1
2026-08-18 20:19:34,431 | INFO | github | Issues fetched: 1
2026-08-18 20:19:34,431 | INFO | github | Issues fetched: 1
2026-08-18 20:19:34,431 | INFO | github | Issues fetched: 1
2026-08-18 20:19:34,447 | INFO | github | Issues fetched: 1
2026-08-18 20:19:39,417 | INFO | github | GitHub repository: manoj20027949-svg/devops (since 2026-07-19T14:49:39.417863+00:00Z, until None)
2026-08-18 20:19:41,367 | INFO | github | Collaborators fetched: 5
2026-08-18 20:19:42,385 | INFO | github | Invitations fetch for manoj20027949-svg/devops returned HTTP 200 with 0 pending invitation(s)
2026-08-18 20:19:42,385 | INFO | github | Team members resolved: 5
2026-08-18 20:19:42,888 | INFO | github | Commits fetched: 23 (window: 23)
2026-08-18 20:19:43,319 | INFO | github | Pull requests fetched: 1
2026-08-18 20:19:45,594 | INFO | github | Issues fetched: 1
2026-08-18 20:20:29,449 | INFO | github | GitHub repository: manoj20027949-svg/devops (since 2026-07-19T14:50:29.449077+00:00Z, until None)
2026-08-18 20:20:29,456 | INFO | github | GitHub repository: manoj20027949-svg/devops (since 2026-07-19T14:50:29.456117+00:00Z, until None)
2026-08-18 20:20:29,456 | INFO | github | Collaborators fetched: 5
2026-08-18 20:20:29,460 | INFO | github | GitHub repository: manoj20027949-svg/devops (since 2026-07-19T14:50:29.460861+00:00Z, until None)
2026-08-18 20:20:29,460 | INFO | github | GitHub repository: manoj20027949-svg/devops (since 2026-07-19T14:50:29.460861+00:00Z, until None)
2026-08-18 20:20:29,460 | INFO | github | Collaborators fetched: 5
2026-08-18 20:20:29,469 | INFO | github | GitHub repository: manoj20027949-svg/devops (since 2026-07-19T14:50:29.469176+00:00Z, until None)
2026-08-18 20:20:29,469 | INFO | github | Invitations fetch for manoj20027949-svg/devops returned HTTP 200 with 0 pending invitation(s)
2026-08-18 20:20:29,474 | INFO | github | Collaborators fetched: 5
2026-08-18 20:20:29,474 | INFO | github | Collaborators fetched: 5
2026-08-18 20:20:29,478 | INFO | github | Invitations fetch for manoj20027949-svg/devops returned HTTP 200 with 0 pending invitation(s)
2026-08-18 20:20:29,478 | INFO | github | Collaborators fetched: 5
2026-08-18 20:20:29,478 | INFO | github | Team members resolved: 5
2026-08-18 20:20:29,483 | INFO | github | Invitations fetch for manoj20027949-svg/devops returned HTTP 200 with 0 pending invitation(s)
2026-08-18 20:20:29,483 | INFO | github | Invitations fetch for manoj20027949-svg/devops returned HTTP 200 with 0 pending invitation(s)
2026-08-18 20:20:29,483 | INFO | github | Team members resolved: 5
2026-08-18 20:20:29,487 | INFO | github | Invitations fetch for manoj20027949-svg/devops returned HTTP 200 with 0 pending invitation(s)
2026-08-18 20:20:29,491 | INFO | github | Team members resolved: 5
2026-08-18 20:20:29,491 | INFO | github | Team members resolved: 5
2026-08-18 20:20:29,502 | INFO | github | Team members resolved: 5
2026-08-18 20:20:31,801 | INFO | github | Commits fetched: 23 (window: 23)
2026-08-18 20:20:31,801 | INFO | github | Pull requests fetched: 1
2026-08-18 20:20:31,801 | INFO | github | Issues fetched: 1
2026-08-18 20:20:31,883 | INFO | github | Commits fetched: 23 (window: 23)
2026-08-18 20:20:31,883 | INFO | github | Pull requests fetched: 1
2026-08-18 20:20:31,888 | INFO | github | Issues fetched: 1
2026-08-18 20:20:31,914 | INFO | github | Commits fetched: 23 (window: 23)
2026-08-18 20:20:31,914 | INFO | github | Pull requests fetched: 1
2026-08-18 20:20:31,918 | INFO | github | Issues fetched: 1
2026-08-18 20:20:31,962 | INFO | github | Commits fetched: 23 (window: 23)
2026-08-18 20:20:31,965 | INFO | github | Pull requests fetched: 1
2026-08-18 20:20:31,965 | INFO | github | Issues fetched: 1
2026-08-18 20:20:32,055 | INFO | github | Commits fetched: 23 (window: 23)
2026-08-18 20:20:32,055 | INFO | github | Pull requests fetched: 1
2026-08-18 20:20:32,055 | INFO | github | Issues fetched: 1
2026-08-18 20:20:59,443 | INFO | github | GitHub repository: manoj20027949-svg/devops (since 2026-07-19T14:50:59.443151+00:00Z, until None)
2026-08-18 20:20:59,450 | INFO | github | GitHub repository: manoj20027949-svg/devops (since 2026-07-19T14:50:59.450526+00:00Z, until None)
2026-08-18 20:20:59,452 | INFO | github | GitHub repository: manoj20027949-svg/devops (since 2026-07-19T14:50:59.452921+00:00Z, until None)
2026-08-18 20:20:59,469 | INFO | github | GitHub repository: manoj20027949-svg/devops (since 2026-07-19T14:50:59.469122+00:00Z, until None)
2026-08-18 20:20:59,478 | INFO | github | GitHub repository: manoj20027949-svg/devops (since 2026-07-19T14:50:59.478953+00:00Z, until None)
2026-08-18 20:21:01,210 | INFO | github | GitHub repository: manoj20027949-svg/devops (since 2026-07-19T14:51:01.210429+00:00Z, until None)
2026-08-18 20:21:01,954 | INFO | github | Collaborators fetched: 5
2026-08-18 20:21:01,954 | INFO | github | Collaborators fetched: 5
2026-08-18 20:21:01,973 | INFO | github | Collaborators fetched: 5
2026-08-18 20:21:01,994 | INFO | github | Collaborators fetched: 5
2026-08-18 20:21:02,006 | INFO | github | Collaborators fetched: 5
2026-08-18 20:21:02,708 | INFO | github | Invitations fetch for manoj20027949-svg/devops returned HTTP 200 with 0 pending invitation(s)
2026-08-18 20:21:02,716 | INFO | github | Team members resolved: 5
2026-08-18 20:21:02,717 | INFO | github | Invitations fetch for manoj20027949-svg/devops returned HTTP 200 with 0 pending invitation(s)
2026-08-18 20:21:02,725 | INFO | github | Team members resolved: 5
2026-08-18 20:21:02,755 | INFO | github | Invitations fetch for manoj20027949-svg/devops returned HTTP 200 with 0 pending invitation(s)
2026-08-18 20:21:02,768 | INFO | github | Invitations fetch for manoj20027949-svg/devops returned HTTP 200 with 0 pending invitation(s)
2026-08-18 20:21:02,768 | INFO | github | Team members resolved: 5
2026-08-18 20:21:02,770 | INFO | github | Team members resolved: 5
2026-08-18 20:21:02,827 | INFO | github | Invitations fetch for manoj20027949-svg/devops returned HTTP 200 with 0 pending invitation(s)
2026-08-18 20:21:02,829 | INFO | github | Team members resolved: 5
2026-08-18 20:21:03,181 | INFO | github | Collaborators fetched: 5
2026-08-18 20:21:03,184 | INFO | github | Invitations fetch for manoj20027949-svg/devops returned HTTP 200 with 0 pending invitation(s)
2026-08-18 20:21:03,187 | INFO | github | Team members resolved: 5
2026-08-18 20:21:03,241 | INFO | github | Commits fetched: 23 (window: 23)
2026-08-18 20:21:03,250 | INFO | github | Commits fetched: 23 (window: 23)
2026-08-18 20:21:03,274 | INFO | github | Commits fetched: 23 (window: 23)
2026-08-18 20:21:03,289 | INFO | github | Commits fetched: 23 (window: 23)
2026-08-18 20:21:03,321 | INFO | github | Commits fetched: 23 (window: 23)
2026-08-18 20:21:03,700 | INFO | github | Pull requests fetched: 1
2026-08-18 20:21:03,706 | INFO | github | Pull requests fetched: 1
2026-08-18 20:21:03,706 | INFO | github | Pull requests fetched: 1
2026-08-18 20:21:03,726 | INFO | github | Pull requests fetched: 1
2026-08-18 20:21:03,739 | INFO | github | Commits fetched: 23 (window: 23)
2026-08-18 20:21:03,743 | INFO | github | Pull requests fetched: 1
2026-08-18 20:21:03,743 | INFO | github | Pull requests fetched: 1
2026-08-18 20:21:05,638 | INFO | github | Issues fetched: 1
2026-08-18 20:21:05,640 | INFO | github | Issues fetched: 1
2026-08-18 20:21:05,644 | INFO | github | Issues fetched: 1
2026-08-18 20:21:05,644 | INFO | github | Issues fetched: 1
2026-08-18 20:21:05,650 | INFO | github | Issues fetched: 1
2026-08-18 20:21:05,810 | INFO | github | Issues fetched: 1
2026-08-18 20:21:52,087 | INFO | github | GitHub repository: manoj20027949-svg/devops (since 2026-07-19T14:51:52.087035+00:00Z, until None)
2026-08-18 20:21:52,087 | INFO | github | Collaborators fetched: 5
2026-08-18 20:21:52,087 | INFO | github | Invitations fetch for manoj20027949-svg/devops returned HTTP 200 with 0 pending invitation(s)
2026-08-18 20:21:52,092 | INFO | github | Team members resolved: 5
2026-08-18 20:21:53,921 | INFO | github | Commits fetched: 23 (window: 23)
2026-08-18 20:21:53,923 | INFO | github | Pull requests fetched: 1
2026-08-18 20:21:53,926 | INFO | github | Issues fetched: 1
2026-08-18 20:22:24,292 | INFO | github | GitHub repository: manoj20027949-svg/devops (since 2026-07-19T14:52:24.292285+00:00Z, until None)
2026-08-18 20:22:24,297 | INFO | github | GitHub repository: manoj20027949-svg/devops (since 2026-07-19T14:52:24.297761+00:00Z, until None)
2026-08-18 20:22:24,303 | INFO | github | GitHub repository: manoj20027949-svg/devops (since 2026-07-19T14:52:24.303485+00:00Z, until None)
2026-08-18 20:22:24,316 | INFO | github | GitHub repository: manoj20027949-svg/devops (since 2026-07-19T14:52:24.316126+00:00Z, until None)
2026-08-18 20:22:24,321 | INFO | github | GitHub repository: manoj20027949-svg/devops (since 2026-07-19T14:52:24.321337+00:00Z, until None)
2026-08-18 20:22:27,050 | INFO | github | Collaborators fetched: 5
2026-08-18 20:22:27,050 | INFO | github | Collaborators fetched: 5
2026-08-18 20:22:27,050 | INFO | github | Collaborators fetched: 5
2026-08-18 20:22:27,050 | INFO | github | Collaborators fetched: 5
2026-08-18 20:22:27,050 | INFO | github | Collaborators fetched: 5
2026-08-18 20:22:28,273 | INFO | github | Invitations fetch for manoj20027949-svg/devops returned HTTP 200 with 0 pending invitation(s)
2026-08-18 20:22:28,276 | INFO | github | Invitations fetch for manoj20027949-svg/devops returned HTTP 200 with 0 pending invitation(s)
2026-08-18 20:22:28,276 | INFO | github | Invitations fetch for manoj20027949-svg/devops returned HTTP 200 with 0 pending invitation(s)
2026-08-18 20:22:28,276 | INFO | github | Invitations fetch for manoj20027949-svg/devops returned HTTP 200 with 0 pending invitation(s)
2026-08-18 20:22:28,276 | INFO | github | Invitations fetch for manoj20027949-svg/devops returned HTTP 200 with 0 pending invitation(s)
2026-08-18 20:22:28,285 | INFO | github | Team members resolved: 5
2026-08-18 20:22:28,285 | INFO | github | Team members resolved: 5
2026-08-18 20:22:28,285 | INFO | github | Team members resolved: 5
2026-08-18 20:22:28,285 | INFO | github | Team members resolved: 5
2026-08-18 20:22:28,285 | INFO | github | Team members resolved: 5
2026-08-18 20:22:28,776 | INFO | github | Commits fetched: 23 (window: 23)
2026-08-18 20:22:28,806 | INFO | github | Commits fetched: 23 (window: 23)
2026-08-18 20:22:28,817 | INFO | github | Commits fetched: 23 (window: 23)
2026-08-18 20:22:28,822 | INFO | github | Commits fetched: 23 (window: 23)
2026-08-18 20:22:28,836 | INFO | github | Commits fetched: 23 (window: 23)
2026-08-18 20:22:29,221 | INFO | github | Pull requests fetched: 1
2026-08-18 20:22:29,273 | INFO | github | Pull requests fetched: 1
2026-08-18 20:22:29,302 | INFO | github | Pull requests fetched: 1
2026-08-18 20:22:29,369 | INFO | github | Pull requests fetched: 1
2026-08-18 20:22:29,406 | INFO | github | Pull requests fetched: 1
2026-08-18 20:22:31,755 | INFO | github | Issues fetched: 1
2026-08-18 20:22:31,755 | INFO | github | Issues fetched: 1
2026-08-18 20:22:31,755 | INFO | github | Issues fetched: 1
2026-08-18 20:22:31,755 | INFO | github | Issues fetched: 1
2026-08-18 20:22:31,755 | INFO | github | Issues fetched: 1
2026-08-18 20:22:53,887 | INFO | github | GitHub repository: manoj20027949-svg/devops (since 2026-07-19T14:52:53.885238+00:00Z, until None)
2026-08-18 20:22:53,887 | INFO | github | Collaborators fetched: 5
2026-08-18 20:22:53,890 | INFO | github | Invitations fetch for manoj20027949-svg/devops returned HTTP 200 with 0 pending invitation(s)
2026-08-18 20:22:53,890 | INFO | github | Team members resolved: 5
2026-08-18 20:22:54,288 | INFO | github | GitHub repository: manoj20027949-svg/devops (since 2026-07-19T14:52:54.288623+00:00Z, until None)
2026-08-18 20:22:54,288 | INFO | github | Collaborators fetched: 5
2026-08-18 20:22:54,288 | INFO | github | Invitations fetch for manoj20027949-svg/devops returned HTTP 200 with 0 pending invitation(s)
2026-08-18 20:22:54,303 | INFO | github | GitHub repository: manoj20027949-svg/devops (since 2026-07-19T14:52:54.303002+00:00Z, until None)
2026-08-18 20:22:54,303 | INFO | github | GitHub repository: manoj20027949-svg/devops (since 2026-07-19T14:52:54.303002+00:00Z, until None)
2026-08-18 20:22:54,308 | INFO | github | GitHub repository: manoj20027949-svg/devops (since 2026-07-19T14:52:54.305445+00:00Z, until None)
2026-08-18 20:22:54,308 | INFO | github | GitHub repository: manoj20027949-svg/devops (since 2026-07-19T14:52:54.308006+00:00Z, until None)
2026-08-18 20:22:54,308 | INFO | github | Team members resolved: 5
2026-08-18 20:22:54,308 | INFO | github | Collaborators fetched: 5
2026-08-18 20:22:54,314 | INFO | github | Collaborators fetched: 5
2026-08-18 20:22:54,317 | INFO | github | Collaborators fetched: 5
2026-08-18 20:22:54,318 | INFO | github | Collaborators fetched: 5
2026-08-18 20:22:54,324 | INFO | github | Invitations fetch for manoj20027949-svg/devops returned HTTP 200 with 0 pending invitation(s)
2026-08-18 20:22:54,324 | INFO | github | Invitations fetch for manoj20027949-svg/devops returned HTTP 200 with 0 pending invitation(s)
2026-08-18 20:22:54,324 | INFO | github | Invitations fetch for manoj20027949-svg/devops returned HTTP 200 with 0 pending invitation(s)
2026-08-18 20:22:54,324 | INFO | github | Invitations fetch for manoj20027949-svg/devops returned HTTP 200 with 0 pending invitation(s)
2026-08-18 20:22:54,324 | INFO | github | Team members resolved: 5
2026-08-18 20:22:54,333 | INFO | github | Team members resolved: 5
2026-08-18 20:22:54,336 | INFO | github | Team members resolved: 5
2026-08-18 20:22:54,338 | INFO | github | Team members resolved: 5
2026-08-18 20:22:56,263 | INFO | github | Commits fetched: 23 (window: 23)
2026-08-18 20:22:56,263 | INFO | github | Pull requests fetched: 1
2026-08-18 20:22:56,263 | INFO | github | Issues fetched: 1
2026-08-18 20:22:56,563 | INFO | github | Commits fetched: 23 (window: 23)
2026-08-18 20:22:56,565 | INFO | github | Pull requests fetched: 1
2026-08-18 20:22:56,568 | INFO | github | Issues fetched: 1
2026-08-18 20:22:56,573 | INFO | github | Commits fetched: 23 (window: 23)
2026-08-18 20:22:56,602 | INFO | github | Commits fetched: 23 (window: 23)
2026-08-18 20:22:56,606 | INFO | github | Commits fetched: 23 (window: 23)
2026-08-18 20:22:56,614 | INFO | github | Pull requests fetched: 1
2026-08-18 20:22:56,615 | INFO | github | Pull requests fetched: 1
2026-08-18 20:22:56,620 | INFO | github | Pull requests fetched: 1
2026-08-18 20:22:56,622 | INFO | github | Issues fetched: 1
2026-08-18 20:22:56,630 | INFO | github | Commits fetched: 23 (window: 23)
2026-08-18 20:22:56,630 | INFO | github | Issues fetched: 1
2026-08-18 20:22:56,633 | INFO | github | Issues fetched: 1
2026-08-18 20:22:56,645 | INFO | github | Pull requests fetched: 1
2026-08-18 20:22:56,671 | INFO | github | Issues fetched: 1
2026-08-18 20:23:09,691 | INFO | github | GitHub repository: manoj20027949-svg/devops (since 2026-07-19T14:53:09.691557+00:00Z, until None)
2026-08-18 20:23:09,691 | INFO | github | Collaborators fetched: 5
2026-08-18 20:23:09,693 | INFO | github | Invitations fetch for manoj20027949-svg/devops returned HTTP 200 with 0 pending invitation(s)
2026-08-18 20:23:09,693 | INFO | github | Team members resolved: 5
2026-08-18 20:23:11,452 | INFO | github | Commits fetched: 23 (window: 23)
2026-08-18 20:23:11,452 | INFO | github | Pull requests fetched: 1
2026-08-18 20:23:11,452 | INFO | github | Issues fetched: 1
2026-08-18 20:23:26,656 | INFO | github | GitHub repository: manoj20027949-svg/devops (since 2026-07-19T14:53:26.656610+00:00Z, until None)
2026-08-18 20:23:26,656 | INFO | github | GitHub repository: manoj20027949-svg/devops (since 2026-07-19T14:53:26.656610+00:00Z, until None)
2026-08-18 20:23:26,660 | INFO | github | GitHub repository: manoj20027949-svg/devops (since 2026-07-19T14:53:26.660302+00:00Z, until None)
2026-08-18 20:23:26,666 | INFO | github | GitHub repository: manoj20027949-svg/devops (since 2026-07-19T14:53:26.666739+00:00Z, until None)
2026-08-18 20:23:26,673 | INFO | github | GitHub repository: manoj20027949-svg/devops (since 2026-07-19T14:53:26.673231+00:00Z, until None)
2026-08-18 20:23:29,504 | INFO | github | Collaborators fetched: 5
2026-08-18 20:23:29,509 | INFO | github | Collaborators fetched: 5
2026-08-18 20:23:29,512 | INFO | github | Collaborators fetched: 5
2026-08-18 20:23:29,526 | INFO | github | Collaborators fetched: 5
2026-08-18 20:23:29,646 | INFO | github | Collaborators fetched: 5
2026-08-18 20:23:30,436 | INFO | github | Invitations fetch for manoj20027949-svg/devops returned HTTP 200 with 0 pending invitation(s)
2026-08-18 20:23:30,437 | INFO | github | Invitations fetch for manoj20027949-svg/devops returned HTTP 200 with 0 pending invitation(s)
2026-08-18 20:23:30,437 | INFO | github | Invitations fetch for manoj20027949-svg/devops returned HTTP 200 with 0 pending invitation(s)
2026-08-18 20:23:30,439 | INFO | github | Invitations fetch for manoj20027949-svg/devops returned HTTP 200 with 0 pending invitation(s)
2026-08-18 20:23:30,441 | INFO | github | Invitations fetch for manoj20027949-svg/devops returned HTTP 200 with 0 pending invitation(s)
2026-08-18 20:23:30,441 | INFO | github | Team members resolved: 5
2026-08-18 20:23:30,441 | INFO | github | Team members resolved: 5
2026-08-18 20:23:30,443 | INFO | github | Team members resolved: 5
2026-08-18 20:23:30,443 | INFO | github | Team members resolved: 5
2026-08-18 20:23:30,443 | INFO | github | Team members resolved: 5
2026-08-18 20:23:31,155 | INFO | github | Commits fetched: 23 (window: 23)
2026-08-18 20:23:31,160 | INFO | github | Commits fetched: 23 (window: 23)
2026-08-18 20:23:31,166 | INFO | github | Commits fetched: 23 (window: 23)
2026-08-18 20:23:31,169 | INFO | github | Commits fetched: 23 (window: 23)
2026-08-18 20:23:31,183 | INFO | github | Commits fetched: 23 (window: 23)
2026-08-18 20:23:31,967 | INFO | github | Pull requests fetched: 1
2026-08-18 20:23:31,976 | INFO | github | Pull requests fetched: 1
2026-08-18 20:23:31,978 | INFO | github | Pull requests fetched: 1
2026-08-18 20:23:31,983 | INFO | github | Pull requests fetched: 1
2026-08-18 20:23:31,984 | INFO | github | Pull requests fetched: 1
2026-08-18 20:23:33,933 | INFO | github | Issues fetched: 1
2026-08-18 20:23:33,958 | INFO | github | Issues fetched: 1
2026-08-18 20:23:33,987 | INFO | github | Issues fetched: 1
2026-08-18 20:23:34,267 | INFO | github | Issues fetched: 1
2026-08-18 20:23:34,283 | INFO | github | Issues fetched: 1
2026-08-18 20:23:35,691 | WARNING | github | Network error on https://api.github.com/repos/manoj20027949-svg/devops/git/blobs/0da71505cebb6cf10e6c1b9631777c6c358641b7: HTTPSConnectionPool(host='api.github.comhttps', port=443): Max retries exceeded with url: //api.github.com/repos/manoj20027949-svg/devops/git/blobs/0da71505cebb6cf10e6c1b9631777c6c358641b7 (Caused by NameResolutionError("HTTPSConnection(host='api.github.comhttps', port=443): Failed to resolve 'api.github.comhttps' ([Errno 11001] getaddrinfo failed)")) (attempt 1)
2026-08-18 20:23:40,733 | WARNING | github | Network error on https://api.github.com/repos/manoj20027949-svg/devops/git/blobs/0da71505cebb6cf10e6c1b9631777c6c358641b7: HTTPSConnectionPool(host='api.github.comhttps', port=443): Max retries exceeded with url: //api.github.com/repos/manoj20027949-svg/devops/git/blobs/0da71505cebb6cf10e6c1b9631777c6c358641b7 (Caused by NameResolutionError("HTTPSConnection(host='api.github.comhttps', port=443): Failed to resolve 'api.github.comhttps' ([Errno 11001] getaddrinfo failed)")) (attempt 2)
2026-08-18 20:23:45,751 | WARNING | github | Network error on https://api.github.com/repos/manoj20027949-svg/devops/git/blobs/0da71505cebb6cf10e6c1b9631777c6c358641b7: HTTPSConnectionPool(host='api.github.comhttps', port=443): Max retries exceeded with url: //api.github.com/repos/manoj20027949-svg/devops/git/blobs/0da71505cebb6cf10e6c1b9631777c6c358641b7 (Caused by NameResolutionError("HTTPSConnection(host='api.github.comhttps', port=443): Failed to resolve 'api.github.comhttps' ([Errno 11001] getaddrinfo failed)")) (attempt 3)
2026-08-18 20:23:50,767 | WARNING | github | Network error on https://api.github.com/repos/manoj20027949-svg/devops/git/blobs/e69de29bb2d1d6434b8b29ae775ad8c2e48c5391: HTTPSConnectionPool(host='api.github.comhttps', port=443): Max retries exceeded with url: //api.github.com/repos/manoj20027949-svg/devops/git/blobs/e69de29bb2d1d6434b8b29ae775ad8c2e48c5391 (Caused by NameResolutionError("HTTPSConnection(host='api.github.comhttps', port=443): Failed to resolve 'api.github.comhttps' ([Errno 11001] getaddrinfo failed)")) (attempt 1)
2026-08-18 20:23:55,801 | WARNING | github | Network error on https://api.github.com/repos/manoj20027949-svg/devops/git/blobs/e69de29bb2d1d6434b8b29ae775ad8c2e48c5391: HTTPSConnectionPool(host='api.github.comhttps', port=443): Max retries exceeded with url: //api.github.com/repos/manoj20027949-svg/devops/git/blobs/e69de29bb2d1d6434b8b29ae775ad8c2e48c5391 (Caused by NameResolutionError("HTTPSConnection(host='api.github.comhttps', port=443): Failed to resolve 'api.github.comhttps' ([Errno 11001] getaddrinfo failed)")) (attempt 2)
2026-08-18 20:23:56,653 | INFO | github | GitHub repository: manoj20027949-svg/devops (since 2026-07-19T14:53:56.653149+00:00Z, until None)
2026-08-18 20:23:56,655 | INFO | github | GitHub repository: manoj20027949-svg/devops (since 2026-07-19T14:53:56.655831+00:00Z, until None)
2026-08-18 20:23:56,658 | INFO | github | Collaborators fetched: 5
2026-08-18 20:23:56,658 | INFO | github | GitHub repository: manoj20027949-svg/devops (since 2026-07-19T14:53:56.658655+00:00Z, until None)
2026-08-18 20:23:56,667 | INFO | github | GitHub repository: manoj20027949-svg/devops (since 2026-07-19T14:53:56.665571+00:00Z, until None)
2026-08-18 20:23:56,667 | INFO | github | Collaborators fetched: 5
2026-08-18 20:23:56,670 | INFO | github | Invitations fetch for manoj20027949-svg/devops returned HTTP 200 with 0 pending invitation(s)
2026-08-18 20:23:56,674 | INFO | github | GitHub repository: manoj20027949-svg/devops (since 2026-07-19T14:53:56.672436+00:00Z, until None)
2026-08-18 20:23:56,674 | INFO | github | Collaborators fetched: 5
2026-08-18 20:23:56,674 | INFO | github | Collaborators fetched: 5
2026-08-18 20:23:56,674 | INFO | github | Invitations fetch for manoj20027949-svg/devops returned HTTP 200 with 0 pending invitation(s)
2026-08-18 20:23:56,674 | INFO | github | Team members resolved: 5
2026-08-18 20:23:56,681 | INFO | github | Collaborators fetched: 5
2026-08-18 20:23:56,684 | INFO | github | Invitations fetch for manoj20027949-svg/devops returned HTTP 200 with 0 pending invitation(s)
2026-08-18 20:23:56,685 | INFO | github | Invitations fetch for manoj20027949-svg/devops returned HTTP 200 with 0 pending invitation(s)
2026-08-18 20:23:56,685 | INFO | github | Team members resolved: 5
2026-08-18 20:23:56,693 | INFO | github | Invitations fetch for manoj20027949-svg/devops returned HTTP 200 with 0 pending invitation(s)
2026-08-18 20:23:56,698 | INFO | github | Team members resolved: 5
2026-08-18 20:23:56,698 | INFO | github | Team members resolved: 5
2026-08-18 20:23:56,706 | INFO | github | Team members resolved: 5
2026-08-18 20:23:58,817 | INFO | github | Commits fetched: 23 (window: 23)
2026-08-18 20:23:58,825 | INFO | github | Pull requests fetched: 1
2026-08-18 20:23:58,825 | INFO | github | Issues fetched: 1
2026-08-18 20:23:58,825 | INFO | github | Commits fetched: 23 (window: 23)
2026-08-18 20:23:58,840 | INFO | github | Pull requests fetched: 1
2026-08-18 20:23:58,853 | INFO | github | Issues fetched: 1
2026-08-18 20:23:58,881 | INFO | github | Commits fetched: 23 (window: 23)
2026-08-18 20:23:58,884 | INFO | github | Pull requests fetched: 1
2026-08-18 20:23:58,890 | INFO | github | Issues fetched: 1
2026-08-18 20:23:58,891 | INFO | github | Commits fetched: 23 (window: 23)
2026-08-18 20:23:58,911 | INFO | github | Pull requests fetched: 1
2026-08-18 20:23:58,919 | INFO | github | Commits fetched: 23 (window: 23)
2026-08-18 20:23:58,919 | INFO | github | Issues fetched: 1
2026-08-18 20:23:58,923 | INFO | github | Pull requests fetched: 1
2026-08-18 20:23:58,941 | INFO | github | Issues fetched: 1
2026-08-18 20:24:00,814 | WARNING | github | Network error on https://api.github.com/repos/manoj20027949-svg/devops/git/blobs/e69de29bb2d1d6434b8b29ae775ad8c2e48c5391: HTTPSConnectionPool(host='api.github.comhttps', port=443): Max retries exceeded with url: //api.github.com/repos/manoj20027949-svg/devops/git/blobs/e69de29bb2d1d6434b8b29ae775ad8c2e48c5391 (Caused by NameResolutionError("HTTPSConnection(host='api.github.comhttps', port=443): Failed to resolve 'api.github.comhttps' ([Errno 11001] getaddrinfo failed)")) (attempt 3)
2026-08-18 20:24:05,824 | WARNING | github | Network error on https://api.github.com/repos/manoj20027949-svg/devops/git/blobs/b7b627c4da1dc75de96d27ff1cb25871d35d6f86: HTTPSConnectionPool(host='api.github.comhttps', port=443): Max retries exceeded with url: //api.github.com/repos/manoj20027949-svg/devops/git/blobs/b7b627c4da1dc75de96d27ff1cb25871d35d6f86 (Caused by NameResolutionError("HTTPSConnection(host='api.github.comhttps', port=443): Failed to resolve 'api.github.comhttps' ([Errno 11001] getaddrinfo failed)")) (attempt 1)
2026-08-18 20:24:10,870 | WARNING | github | Network error on https://api.github.com/repos/manoj20027949-svg/devops/git/blobs/b7b627c4da1dc75de96d27ff1cb25871d35d6f86: HTTPSConnectionPool(host='api.github.comhttps', port=443): Max retries exceeded with url: //api.github.com/repos/manoj20027949-svg/devops/git/blobs/b7b627c4da1dc75de96d27ff1cb25871d35d6f86 (Caused by NameResolutionError("HTTPSConnection(host='api.github.comhttps', port=443): Failed to resolve 'api.github.comhttps' ([Errno 11001] getaddrinfo failed)")) (attempt 2)
2026-08-18 20:24:15,895 | WARNING | github | Network error on https://api.github.com/repos/manoj20027949-svg/devops/git/blobs/b7b627c4da1dc75de96d27ff1cb25871d35d6f86: HTTPSConnectionPool(host='api.github.comhttps', port=443): Max retries exceeded with url: //api.github.com/repos/manoj20027949-svg/devops/git/blobs/b7b627c4da1dc75de96d27ff1cb25871d35d6f86 (Caused by NameResolutionError("HTTPSConnection(host='api.github.comhttps', port=443): Failed to resolve 'api.github.comhttps' ([Errno 11001] getaddrinfo failed)")) (attempt 3)
2026-08-18 20:24:20,909 | WARNING | github | Network error on https://api.github.com/repos/manoj20027949-svg/devops/git/blobs/8b4b29448bd3b487560fec8926761935c46d5bc9: HTTPSConnectionPool(host='api.github.comhttps', port=443): Max retries exceeded with url: //api.github.com/repos/manoj20027949-svg/devops/git/blobs/8b4b29448bd3b487560fec8926761935c46d5bc9 (Caused by NameResolutionError("HTTPSConnection(host='api.github.comhttps', port=443): Failed to resolve 'api.github.comhttps' ([Errno 11001] getaddrinfo failed)")) (attempt 1)
2026-08-18 20:24:25,947 | WARNING | github | Network error on https://api.github.com/repos/manoj20027949-svg/devops/git/blobs/8b4b29448bd3b487560fec8926761935c46d5bc9: HTTPSConnectionPool(host='api.github.comhttps', port=443): Max retries exceeded with url: //api.github.com/repos/manoj20027949-svg/devops/git/blobs/8b4b29448bd3b487560fec8926761935c46d5bc9 (Caused by NameResolutionError("HTTPSConnection(host='api.github.comhttps', port=443): Failed to resolve 'api.github.comhttps' ([Errno 11001] getaddrinfo failed)")) (attempt 2)
2026-08-18 20:24:27,144 | INFO | github | GitHub repository: manoj20027949-svg/devops (since 2026-07-19T14:54:27.144989+00:00Z, until None)
2026-08-18 20:24:27,153 | INFO | github | GitHub repository: manoj20027949-svg/devops (since 2026-07-19T14:54:27.153891+00:00Z, until None)
2026-08-18 20:24:27,153 | INFO | github | GitHub repository: manoj20027949-svg/devops (since 2026-07-19T14:54:27.153891+00:00Z, until None)
2026-08-18 20:24:27,153 | INFO | github | GitHub repository: manoj20027949-svg/devops (since 2026-07-19T14:54:27.153891+00:00Z, until None)
2026-08-18 20:24:27,153 | INFO | github | Collaborators fetched: 5
2026-08-18 20:24:27,160 | INFO | github | Collaborators fetched: 5
2026-08-18 20:24:27,160 | INFO | github | GitHub repository: manoj20027949-svg/devops (since 2026-07-19T14:54:27.160997+00:00Z, until None)
2026-08-18 20:24:27,160 | INFO | github | Collaborators fetched: 5
2026-08-18 20:24:27,160 | INFO | github | Collaborators fetched: 5
2026-08-18 20:24:27,169 | INFO | github | Invitations fetch for manoj20027949-svg/devops returned HTTP 200 with 0 pending invitation(s)
2026-08-18 20:24:27,171 | INFO | github | Invitations fetch for manoj20027949-svg/devops returned HTTP 200 with 0 pending invitation(s)
2026-08-18 20:24:27,171 | INFO | github | Collaborators fetched: 5
2026-08-18 20:24:27,171 | INFO | github | Invitations fetch for manoj20027949-svg/devops returned HTTP 200 with 0 pending invitation(s)
2026-08-18 20:24:27,171 | INFO | github | Invitations fetch for manoj20027949-svg/devops returned HTTP 200 with 0 pending invitation(s)
2026-08-18 20:24:27,175 | INFO | github | Team members resolved: 5
2026-08-18 20:24:27,177 | INFO | github | Team members resolved: 5
2026-08-18 20:24:27,177 | INFO | github | Invitations fetch for manoj20027949-svg/devops returned HTTP 200 with 0 pending invitation(s)
2026-08-18 20:24:27,177 | INFO | github | Team members resolved: 5
2026-08-18 20:24:27,177 | INFO | github | Team members resolved: 5
2026-08-18 20:24:27,194 | INFO | github | Team members resolved: 5
2026-08-18 20:24:29,530 | INFO | github | Commits fetched: 23 (window: 23)
2026-08-18 20:24:29,534 | INFO | github | Pull requests fetched: 1
2026-08-18 20:24:29,534 | INFO | github | Commits fetched: 23 (window: 23)
2026-08-18 20:24:29,534 | INFO | github | Commits fetched: 23 (window: 23)
2026-08-18 20:24:29,534 | INFO | github | Issues fetched: 1
2026-08-18 20:24:29,534 | INFO | github | Commits fetched: 23 (window: 23)
2026-08-18 20:24:29,552 | INFO | github | Commits fetched: 23 (window: 23)
2026-08-18 20:24:29,554 | INFO | github | Pull requests fetched: 1
2026-08-18 20:24:29,554 | INFO | github | Pull requests fetched: 1
2026-08-18 20:24:29,575 | INFO | github | Pull requests fetched: 1
2026-08-18 20:24:29,575 | INFO | github | Pull requests fetched: 1
2026-08-18 20:24:29,575 | INFO | github | Issues fetched: 1
2026-08-18 20:24:29,580 | INFO | github | Issues fetched: 1
2026-08-18 20:24:29,584 | INFO | github | Issues fetched: 1
2026-08-18 20:24:29,586 | INFO | github | Issues fetched: 1
2026-08-18 20:24:31,015 | WARNING | github | Network error on https://api.github.com/repos/manoj20027949-svg/devops/git/blobs/8b4b29448bd3b487560fec8926761935c46d5bc9: HTTPSConnectionPool(host='api.github.comhttps', port=443): Max retries exceeded with url: //api.github.com/repos/manoj20027949-svg/devops/git/blobs/8b4b29448bd3b487560fec8926761935c46d5bc9 (Caused by NameResolutionError("HTTPSConnection(host='api.github.comhttps', port=443): Failed to resolve 'api.github.comhttps' ([Errno 11001] getaddrinfo failed)")) (attempt 3)
2026-08-18 20:24:36,028 | WARNING | github | Network error on https://api.github.com/repos/manoj20027949-svg/devops/git/blobs/8b68b8ebdaddd56d9044099efc78801e05e1b889: HTTPSConnectionPool(host='api.github.comhttps', port=443): Max retries exceeded with url: //api.github.com/repos/manoj20027949-svg/devops/git/blobs/8b68b8ebdaddd56d9044099efc78801e05e1b889 (Caused by NameResolutionError("HTTPSConnection(host='api.github.comhttps', port=443): Failed to resolve 'api.github.comhttps' ([Errno 11001] getaddrinfo failed)")) (attempt 1)
2026-08-18 20:24:41,060 | WARNING | github | Network error on https://api.github.com/repos/manoj20027949-svg/devops/git/blobs/8b68b8ebdaddd56d9044099efc78801e05e1b889: HTTPSConnectionPool(host='api.github.comhttps', port=443): Max retries exceeded with url: //api.github.com/repos/manoj20027949-svg/devops/git/blobs/8b68b8ebdaddd56d9044099efc78801e05e1b889 (Caused by NameResolutionError("HTTPSConnection(host='api.github.comhttps', port=443): Failed to resolve 'api.github.comhttps' ([Errno 11001] getaddrinfo failed)")) (attempt 2)
2026-08-18 20:24:46,097 | WARNING | github | Network error on https://api.github.com/repos/manoj20027949-svg/devops/git/blobs/8b68b8ebdaddd56d9044099efc78801e05e1b889: HTTPSConnectionPool(host='api.github.comhttps', port=443): Max retries exceeded with url: //api.github.com/repos/manoj20027949-svg/devops/git/blobs/8b68b8ebdaddd56d9044099efc78801e05e1b889 (Caused by NameResolutionError("HTTPSConnection(host='api.github.comhttps', port=443): Failed to resolve 'api.github.comhttps' ([Errno 11001] getaddrinfo failed)")) (attempt 3)
2026-08-18 20:24:51,115 | WARNING | github | Network error on https://api.github.com/repos/manoj20027949-svg/devops/git/blobs/084f3c972c1061d47f9b076d3e9153049bf139b4: HTTPSConnectionPool(host='api.github.comhttps', port=443): Max retries exceeded with url: //api.github.com/repos/manoj20027949-svg/devops/git/blobs/084f3c972c1061d47f9b076d3e9153049bf139b4 (Caused by NameResolutionError("HTTPSConnection(host='api.github.comhttps', port=443): Failed to resolve 'api.github.comhttps' ([Errno 11001] getaddrinfo failed)")) (attempt 1)
2026-08-18 20:24:56,142 | WARNING | github | Network error on https://api.github.com/repos/manoj20027949-svg/devops/git/blobs/084f3c972c1061d47f9b076d3e9153049bf139b4: HTTPSConnectionPool(host='api.github.comhttps', port=443): Max retries exceeded with url: //api.github.com/repos/manoj20027949-svg/devops/git/blobs/084f3c972c1061d47f9b076d3e9153049bf139b4 (Caused by NameResolutionError("HTTPSConnection(host='api.github.comhttps', port=443): Failed to resolve 'api.github.comhttps' ([Errno 11001] getaddrinfo failed)")) (attempt 2)
2026-08-18 20:24:57,147 | INFO | github | GitHub repository: manoj20027949-svg/devops (since 2026-07-19T14:54:57.147368+00:00Z, until None)
2026-08-18 20:24:57,149 | INFO | github | GitHub repository: manoj20027949-svg/devops (since 2026-07-19T14:54:57.149396+00:00Z, until None)
2026-08-18 20:24:57,155 | INFO | github | GitHub repository: manoj20027949-svg/devops (since 2026-07-19T14:54:57.155582+00:00Z, until None)
2026-08-18 20:24:57,168 | INFO | github | GitHub repository: manoj20027949-svg/devops (since 2026-07-19T14:54:57.168984+00:00Z, until None)
2026-08-18 20:24:57,175 | INFO | github | GitHub repository: manoj20027949-svg/devops (since 2026-07-19T14:54:57.173028+00:00Z, until None)
2026-08-18 20:24:59,821 | INFO | github | Collaborators fetched: 5
2026-08-18 20:24:59,827 | INFO | github | Collaborators fetched: 5
2026-08-18 20:24:59,832 | INFO | github | Collaborators fetched: 5
2026-08-18 20:24:59,832 | INFO | github | Collaborators fetched: 5
2026-08-18 20:25:00,056 | INFO | github | Collaborators fetched: 5
2026-08-18 20:25:00,616 | INFO | github | Invitations fetch for manoj20027949-svg/devops returned HTTP 200 with 0 pending invitation(s)
2026-08-18 20:25:00,617 | INFO | github | Team members resolved: 5
2026-08-18 20:25:00,641 | INFO | github | Invitations fetch for manoj20027949-svg/devops returned HTTP 200 with 0 pending invitation(s)
2026-08-18 20:25:00,641 | INFO | github | Team members resolved: 5
2026-08-18 20:25:00,725 | INFO | github | Invitations fetch for manoj20027949-svg/devops returned HTTP 200 with 0 pending invitation(s)
2026-08-18 20:25:00,725 | INFO | github | Team members resolved: 5
2026-08-18 20:25:00,751 | INFO | github | Invitations fetch for manoj20027949-svg/devops returned HTTP 200 with 0 pending invitation(s)
2026-08-18 20:25:00,751 | INFO | github | Team members resolved: 5
2026-08-18 20:25:00,840 | INFO | github | Invitations fetch for manoj20027949-svg/devops returned HTTP 200 with 0 pending invitation(s)
2026-08-18 20:25:00,840 | INFO | github | Team members resolved: 5
2026-08-18 20:25:01,158 | WARNING | github | Network error on https://api.github.com/repos/manoj20027949-svg/devops/git/blobs/084f3c972c1061d47f9b076d3e9153049bf139b4: HTTPSConnectionPool(host='api.github.comhttps', port=443): Max retries exceeded with url: //api.github.com/repos/manoj20027949-svg/devops/git/blobs/084f3c972c1061d47f9b076d3e9153049bf139b4 (Caused by NameResolutionError("HTTPSConnection(host='api.github.comhttps', port=443): Failed to resolve 'api.github.comhttps' ([Errno 11001] getaddrinfo failed)")) (attempt 3)
2026-08-18 20:25:01,257 | INFO | github | Commits fetched: 23 (window: 23)
2026-08-18 20:25:01,270 | INFO | github | Commits fetched: 23 (window: 23)
2026-08-18 20:25:01,278 | INFO | github | Commits fetched: 23 (window: 23)
2026-08-18 20:25:01,283 | INFO | github | Commits fetched: 23 (window: 23)
2026-08-18 20:25:01,369 | INFO | github | Commits fetched: 23 (window: 23)
2026-08-18 20:25:01,874 | INFO | github | Pull requests fetched: 1
2026-08-18 20:25:01,874 | INFO | github | Pull requests fetched: 1
2026-08-18 20:25:01,874 | INFO | github | Pull requests fetched: 1
2026-08-18 20:25:01,874 | INFO | github | Pull requests fetched: 1
2026-08-18 20:25:01,874 | INFO | github | Pull requests fetched: 1
2026-08-18 20:25:04,137 | INFO | github | Issues fetched: 1
2026-08-18 20:25:04,244 | INFO | github | Issues fetched: 1
2026-08-18 20:25:04,268 | INFO | github | Issues fetched: 1
2026-08-18 20:25:04,391 | INFO | github | Issues fetched: 1
2026-08-18 20:25:04,636 | INFO | github | Issues fetched: 1
2026-08-18 20:25:06,179 | WARNING | github | Network error on https://api.github.com/repos/manoj20027949-svg/devops/git/blobs/15f8f4739fab2032f5c0e35dfc01892674575b7d: HTTPSConnectionPool(host='api.github.comhttps', port=443): Max retries exceeded with url: //api.github.com/repos/manoj20027949-svg/devops/git/blobs/15f8f4739fab2032f5c0e35dfc01892674575b7d (Caused by NameResolutionError("HTTPSConnection(host='api.github.comhttps', port=443): Failed to resolve 'api.github.comhttps' ([Errno 11001] getaddrinfo failed)")) (attempt 1)
2026-08-18 20:25:11,204 | WARNING | github | Network error on https://api.github.com/repos/manoj20027949-svg/devops/git/blobs/15f8f4739fab2032f5c0e35dfc01892674575b7d: HTTPSConnectionPool(host='api.github.comhttps', port=443): Max retries exceeded with url: //api.github.com/repos/manoj20027949-svg/devops/git/blobs/15f8f4739fab2032f5c0e35dfc01892674575b7d (Caused by NameResolutionError("HTTPSConnection(host='api.github.comhttps', port=443): Failed to resolve 'api.github.comhttps' ([Errno 11001] getaddrinfo failed)")) (attempt 2)
2026-08-18 20:25:16,217 | WARNING | github | Network error on https://api.github.com/repos/manoj20027949-svg/devops/git/blobs/15f8f4739fab2032f5c0e35dfc01892674575b7d: HTTPSConnectionPool(host='api.github.comhttps', port=443): Max retries exceeded with url: //api.github.com/repos/manoj20027949-svg/devops/git/blobs/15f8f4739fab2032f5c0e35dfc01892674575b7d (Caused by NameResolutionError("HTTPSConnection(host='api.github.comhttps', port=443): Failed to resolve 'api.github.comhttps' ([Errno 11001] getaddrinfo failed)")) (attempt 3)
2026-08-18 20:25:21,219 | WARNING | github | Network error on https://api.github.com/repos/manoj20027949-svg/devops/git/blobs/a56d458cfe826f80acefa24ed0449d7d8d21a6a9: HTTPSConnectionPool(host='api.github.comhttps', port=443): Max retries exceeded with url: //api.github.com/repos/manoj20027949-svg/devops/git/blobs/a56d458cfe826f80acefa24ed0449d7d8d21a6a9 (Caused by NameResolutionError("HTTPSConnection(host='api.github.comhttps', port=443): Failed to resolve 'api.github.comhttps' ([Errno 11001] getaddrinfo failed)")) (attempt 1)
2026-08-18 20:25:26,257 | WARNING | github | Network error on https://api.github.com/repos/manoj20027949-svg/devops/git/blobs/a56d458cfe826f80acefa24ed0449d7d8d21a6a9: HTTPSConnectionPool(host='api.github.comhttps', port=443): Max retries exceeded with url: //api.github.com/repos/manoj20027949-svg/devops/git/blobs/a56d458cfe826f80acefa24ed0449d7d8d21a6a9 (Caused by NameResolutionError("HTTPSConnection(host='api.github.comhttps', port=443): Failed to resolve 'api.github.comhttps' ([Errno 11001] getaddrinfo failed)")) (attempt 2)
2026-08-18 20:25:27,141 | INFO | github | GitHub repository: manoj20027949-svg/devops (since 2026-07-19T14:55:27.141002+00:00Z, until None)
2026-08-18 20:25:27,141 | INFO | github | GitHub repository: manoj20027949-svg/devops (since 2026-07-19T14:55:27.141002+00:00Z, until None)
2026-08-18 20:25:27,141 | INFO | github | GitHub repository: manoj20027949-svg/devops (since 2026-07-19T14:55:27.141002+00:00Z, until None)
2026-08-18 20:25:27,146 | INFO | github | GitHub repository: manoj20027949-svg/devops (since 2026-07-19T14:55:27.146355+00:00Z, until None)
2026-08-18 20:25:27,146 | INFO | github | Collaborators fetched: 5
2026-08-18 20:25:27,146 | INFO | github | GitHub repository: manoj20027949-svg/devops (since 2026-07-19T14:55:27.146355+00:00Z, until None)
2026-08-18 20:25:27,146 | INFO | github | Collaborators fetched: 5
2026-08-18 20:25:27,146 | INFO | github | Collaborators fetched: 5
2026-08-18 20:25:27,146 | INFO | github | Collaborators fetched: 5
2026-08-18 20:25:27,146 | INFO | github | Invitations fetch for manoj20027949-svg/devops returned HTTP 200 with 0 pending invitation(s)
2026-08-18 20:25:27,146 | INFO | github | Collaborators fetched: 5
2026-08-18 20:25:27,146 | INFO | github | Invitations fetch for manoj20027949-svg/devops returned HTTP 200 with 0 pending invitation(s)
2026-08-18 20:25:27,146 | INFO | github | Invitations fetch for manoj20027949-svg/devops returned HTTP 200 with 0 pending invitation(s)
2026-08-18 20:25:27,146 | INFO | github | Invitations fetch for manoj20027949-svg/devops returned HTTP 200 with 0 pending invitation(s)
2026-08-18 20:25:27,161 | INFO | github | Team members resolved: 5
2026-08-18 20:25:27,168 | INFO | github | Invitations fetch for manoj20027949-svg/devops returned HTTP 200 with 0 pending invitation(s)
2026-08-18 20:25:27,170 | INFO | github | Team members resolved: 5
2026-08-18 20:25:27,171 | INFO | github | Team members resolved: 5
2026-08-18 20:25:27,173 | INFO | github | Team members resolved: 5
2026-08-18 20:25:27,174 | INFO | github | Team members resolved: 5
2026-08-18 20:25:29,272 | INFO | github | Commits fetched: 23 (window: 23)
2026-08-18 20:25:29,272 | INFO | github | Pull requests fetched: 1
2026-08-18 20:25:29,272 | INFO | github | Issues fetched: 1
2026-08-18 20:25:29,301 | INFO | github | Commits fetched: 23 (window: 23)
2026-08-18 20:25:29,304 | INFO | github | Pull requests fetched: 1
2026-08-18 20:25:29,307 | INFO | github | Issues fetched: 1
2026-08-18 20:25:29,323 | INFO | github | Commits fetched: 23 (window: 23)
2026-08-18 20:25:29,325 | INFO | github | Pull requests fetched: 1
2026-08-18 20:25:29,325 | INFO | github | Issues fetched: 1
2026-08-18 20:25:29,398 | INFO | github | Commits fetched: 23 (window: 23)
2026-08-18 20:25:29,402 | INFO | github | Pull requests fetched: 1
2026-08-18 20:25:29,405 | INFO | github | Issues fetched: 1
2026-08-18 20:25:29,433 | INFO | github | Commits fetched: 23 (window: 23)
2026-08-18 20:25:29,435 | INFO | github | Pull requests fetched: 1
2026-08-18 20:25:29,435 | INFO | github | Issues fetched: 1
2026-08-18 20:25:31,270 | WARNING | github | Network error on https://api.github.com/repos/manoj20027949-svg/devops/git/blobs/a56d458cfe826f80acefa24ed0449d7d8d21a6a9: HTTPSConnectionPool(host='api.github.comhttps', port=443): Max retries exceeded with url: //api.github.com/repos/manoj20027949-svg/devops/git/blobs/a56d458cfe826f80acefa24ed0449d7d8d21a6a9 (Caused by NameResolutionError("HTTPSConnection(host='api.github.comhttps', port=443): Failed to resolve 'api.github.comhttps' ([Errno 11001] getaddrinfo failed)")) (attempt 3)
2026-08-18 20:25:36,287 | WARNING | github | Network error on https://api.github.com/repos/manoj20027949-svg/devops/git/blobs/4b4b1da4a8fb1436affc68aa19bfa75379145d22: HTTPSConnectionPool(host='api.github.comhttps', port=443): Max retries exceeded with url: //api.github.com/repos/manoj20027949-svg/devops/git/blobs/4b4b1da4a8fb1436affc68aa19bfa75379145d22 (Caused by NameResolutionError("HTTPSConnection(host='api.github.comhttps', port=443): Failed to resolve 'api.github.comhttps' ([Errno 11001] getaddrinfo failed)")) (attempt 1)
2026-08-18 20:25:41,311 | WARNING | github | Network error on https://api.github.com/repos/manoj20027949-svg/devops/git/blobs/4b4b1da4a8fb1436affc68aa19bfa75379145d22: HTTPSConnectionPool(host='api.github.comhttps', port=443): Max retries exceeded with url: //api.github.com/repos/manoj20027949-svg/devops/git/blobs/4b4b1da4a8fb1436affc68aa19bfa75379145d22 (Caused by NameResolutionError("HTTPSConnection(host='api.github.comhttps', port=443): Failed to resolve 'api.github.comhttps' ([Errno 11001] getaddrinfo failed)")) (attempt 2)
2026-08-18 20:25:46,337 | WARNING | github | Network error on https://api.github.com/repos/manoj20027949-svg/devops/git/blobs/4b4b1da4a8fb1436affc68aa19bfa75379145d22: HTTPSConnectionPool(host='api.github.comhttps', port=443): Max retries exceeded with url: //api.github.com/repos/manoj20027949-svg/devops/git/blobs/4b4b1da4a8fb1436affc68aa19bfa75379145d22 (Caused by NameResolutionError("HTTPSConnection(host='api.github.comhttps', port=443): Failed to resolve 'api.github.comhttps' ([Errno 11001] getaddrinfo failed)")) (attempt 3)
2026-08-18 20:25:51,352 | WARNING | github | Network error on https://api.github.com/repos/manoj20027949-svg/devops/git/blobs/463bf0ac5a5ee381b4676a99e6223773f9c7ad87: HTTPSConnectionPool(host='api.github.comhttps', port=443): Max retries exceeded with url: //api.github.com/repos/manoj20027949-svg/devops/git/blobs/463bf0ac5a5ee381b4676a99e6223773f9c7ad87 (Caused by NameResolutionError("HTTPSConnection(host='api.github.comhttps', port=443): Failed to resolve 'api.github.comhttps' ([Errno 11001] getaddrinfo failed)")) (attempt 1)
2026-08-18 20:25:56,389 | WARNING | github | Network error on https://api.github.com/repos/manoj20027949-svg/devops/git/blobs/463bf0ac5a5ee381b4676a99e6223773f9c7ad87: HTTPSConnectionPool(host='api.github.comhttps', port=443): Max retries exceeded with url: //api.github.com/repos/manoj20027949-svg/devops/git/blobs/463bf0ac5a5ee381b4676a99e6223773f9c7ad87 (Caused by NameResolutionError("HTTPSConnection(host='api.github.comhttps', port=443): Failed to resolve 'api.github.comhttps' ([Errno 11001] getaddrinfo failed)")) (attempt 2)
2026-08-18 20:25:56,652 | INFO | github | GitHub repository: manoj20027949-svg/devops (since 2026-07-19T14:55:56.652173+00:00Z, until None)
2026-08-18 20:25:56,658 | INFO | github | GitHub repository: manoj20027949-svg/devops (since 2026-07-19T14:55:56.656217+00:00Z, until None)
2026-08-18 20:25:56,664 | INFO | github | GitHub repository: manoj20027949-svg/devops (since 2026-07-19T14:55:56.660273+00:00Z, until None)
2026-08-18 20:25:56,664 | INFO | github | Collaborators fetched: 5
2026-08-18 20:25:56,666 | INFO | github | Collaborators fetched: 5
2026-08-18 20:25:56,674 | INFO | github | GitHub repository: manoj20027949-svg/devops (since 2026-07-19T14:55:56.674061+00:00Z, until None)
2026-08-18 20:25:56,676 | INFO | github | GitHub repository: manoj20027949-svg/devops (since 2026-07-19T14:55:56.676754+00:00Z, until None)
2026-08-18 20:25:56,676 | INFO | github | Collaborators fetched: 5
2026-08-18 20:25:56,679 | INFO | github | Invitations fetch for manoj20027949-svg/devops returned HTTP 200 with 0 pending invitation(s)
2026-08-18 20:25:56,679 | INFO | github | Invitations fetch for manoj20027949-svg/devops returned HTTP 200 with 0 pending invitation(s)
2026-08-18 20:25:56,679 | INFO | github | Collaborators fetched: 5
2026-08-18 20:25:56,679 | INFO | github | Collaborators fetched: 5
2026-08-18 20:25:56,679 | INFO | github | Invitations fetch for manoj20027949-svg/devops returned HTTP 200 with 0 pending invitation(s)
2026-08-18 20:25:56,684 | INFO | github | Team members resolved: 5
2026-08-18 20:25:56,687 | INFO | github | Team members resolved: 5
2026-08-18 20:25:56,688 | INFO | github | Invitations fetch for manoj20027949-svg/devops returned HTTP 200 with 0 pending invitation(s)
2026-08-18 20:25:56,688 | INFO | github | Invitations fetch for manoj20027949-svg/devops returned HTTP 200 with 0 pending invitation(s)
2026-08-18 20:25:56,690 | INFO | github | Team members resolved: 5
2026-08-18 20:25:56,693 | INFO | github | Team members resolved: 5
2026-08-18 20:25:56,693 | INFO | github | Team members resolved: 5
2026-08-18 20:25:59,252 | INFO | github | Commits fetched: 23 (window: 23)
2026-08-18 20:25:59,252 | INFO | github | Pull requests fetched: 1
2026-08-18 20:25:59,252 | INFO | github | Issues fetched: 1
2026-08-18 20:25:59,279 | INFO | github | Commits fetched: 23 (window: 23)
2026-08-18 20:25:59,279 | INFO | github | Commits fetched: 23 (window: 23)
2026-08-18 20:25:59,283 | INFO | github | Pull requests fetched: 1
2026-08-18 20:25:59,284 | INFO | github | Pull requests fetched: 1
2026-08-18 20:25:59,288 | INFO | github | Commits fetched: 23 (window: 23)
2026-08-18 20:25:59,290 | INFO | github | Issues fetched: 1
2026-08-18 20:25:59,294 | INFO | github | Commits fetched: 23 (window: 23)
2026-08-18 20:25:59,294 | INFO | github | Issues fetched: 1
2026-08-18 20:25:59,294 | INFO | github | Pull requests fetched: 1
2026-08-18 20:25:59,311 | INFO | github | Pull requests fetched: 1
2026-08-18 20:25:59,325 | INFO | github | Issues fetched: 1
2026-08-18 20:25:59,327 | INFO | github | Issues fetched: 1
2026-08-18 20:26:01,404 | WARNING | github | Network error on https://api.github.com/repos/manoj20027949-svg/devops/git/blobs/463bf0ac5a5ee381b4676a99e6223773f9c7ad87: HTTPSConnectionPool(host='api.github.comhttps', port=443): Max retries exceeded with url: //api.github.com/repos/manoj20027949-svg/devops/git/blobs/463bf0ac5a5ee381b4676a99e6223773f9c7ad87 (Caused by NameResolutionError("HTTPSConnection(host='api.github.comhttps', port=443): Failed to resolve 'api.github.comhttps' ([Errno 11001] getaddrinfo failed)")) (attempt 3)
2026-08-18 20:26:06,417 | WARNING | github | Network error on https://api.github.com/repos/manoj20027949-svg/devops/git/blobs/5edf7624b07760ef01caec4fa27d7f4fcbe57d40: HTTPSConnectionPool(host='api.github.comhttps', port=443): Max retries exceeded with url: //api.github.com/repos/manoj20027949-svg/devops/git/blobs/5edf7624b07760ef01caec4fa27d7f4fcbe57d40 (Caused by NameResolutionError("HTTPSConnection(host='api.github.comhttps', port=443): Failed to resolve 'api.github.comhttps' ([Errno 11001] getaddrinfo failed)")) (attempt 1)
2026-08-18 20:26:11,459 | WARNING | github | Network error on https://api.github.com/repos/manoj20027949-svg/devops/git/blobs/5edf7624b07760ef01caec4fa27d7f4fcbe57d40: HTTPSConnectionPool(host='api.github.comhttps', port=443): Max retries exceeded with url: //api.github.com/repos/manoj20027949-svg/devops/git/blobs/5edf7624b07760ef01caec4fa27d7f4fcbe57d40 (Caused by NameResolutionError("HTTPSConnection(host='api.github.comhttps', port=443): Failed to resolve 'api.github.comhttps' ([Errno 11001] getaddrinfo failed)")) (attempt 2)
2026-08-18 20:26:16,482 | WARNING | github | Network error on https://api.github.com/repos/manoj20027949-svg/devops/git/blobs/5edf7624b07760ef01caec4fa27d7f4fcbe57d40: HTTPSConnectionPool(host='api.github.comhttps', port=443): Max retries exceeded with url: //api.github.com/repos/manoj20027949-svg/devops/git/blobs/5edf7624b07760ef01caec4fa27d7f4fcbe57d40 (Caused by NameResolutionError("HTTPSConnection(host='api.github.comhttps', port=443): Failed to resolve 'api.github.comhttps' ([Errno 11001] getaddrinfo failed)")) (attempt 3)
2026-08-18 20:26:21,500 | WARNING | github | Network error on https://api.github.com/repos/manoj20027949-svg/devops/git/blobs/d96685c60c8ad733b8892f5f3e8aaa3d2820e046: HTTPSConnectionPool(host='api.github.comhttps', port=443): Max retries exceeded with url: //api.github.com/repos/manoj20027949-svg/devops/git/blobs/d96685c60c8ad733b8892f5f3e8aaa3d2820e046 (Caused by NameResolutionError("HTTPSConnection(host='api.github.comhttps', port=443): Failed to resolve 'api.github.comhttps' ([Errno 11001] getaddrinfo failed)")) (attempt 1)
2026-08-18 20:26:26,511 | WARNING | github | Network error on https://api.github.com/repos/manoj20027949-svg/devops/git/blobs/d96685c60c8ad733b8892f5f3e8aaa3d2820e046: HTTPSConnectionPool(host='api.github.comhttps', port=443): Max retries exceeded with url: //api.github.com/repos/manoj20027949-svg/devops/git/blobs/d96685c60c8ad733b8892f5f3e8aaa3d2820e046 (Caused by NameResolutionError("HTTPSConnection(host='api.github.comhttps', port=443): Failed to resolve 'api.github.comhttps' ([Errno 11001] getaddrinfo failed)")) (attempt 2)
2026-08-18 20:26:26,763 | INFO | github | GitHub repository: manoj20027949-svg/devops (since 2026-07-19T14:56:26.763826+00:00Z, until None)
2026-08-18 20:26:26,766 | INFO | github | GitHub repository: manoj20027949-svg/devops (since 2026-07-19T14:56:26.766851+00:00Z, until None)
2026-08-18 20:26:26,786 | INFO | github | GitHub repository: manoj20027949-svg/devops (since 2026-07-19T14:56:26.783699+00:00Z, until None)
2026-08-18 20:26:26,794 | INFO | github | GitHub repository: manoj20027949-svg/devops (since 2026-07-19T14:56:26.794330+00:00Z, until None)
2026-08-18 20:26:26,805 | INFO | github | GitHub repository: manoj20027949-svg/devops (since 2026-07-19T14:56:26.805564+00:00Z, until None)
2026-08-18 20:26:29,323 | INFO | github | Collaborators fetched: 5
2026-08-18 20:26:29,328 | INFO | github | Collaborators fetched: 5
2026-08-18 20:26:29,332 | INFO | github | Collaborators fetched: 5
2026-08-18 20:26:29,332 | INFO | github | Collaborators fetched: 5
2026-08-18 20:26:29,336 | INFO | github | Collaborators fetched: 5
2026-08-18 20:26:30,557 | INFO | github | Invitations fetch for manoj20027949-svg/devops returned HTTP 200 with 0 pending invitation(s)
2026-08-18 20:26:30,557 | INFO | github | Invitations fetch for manoj20027949-svg/devops returned HTTP 200 with 0 pending invitation(s)
2026-08-18 20:26:30,557 | INFO | github | Invitations fetch for manoj20027949-svg/devops returned HTTP 200 with 0 pending invitation(s)
2026-08-18 20:26:30,567 | INFO | github | Invitations fetch for manoj20027949-svg/devops returned HTTP 200 with 0 pending invitation(s)
2026-08-18 20:26:30,570 | INFO | github | Invitations fetch for manoj20027949-svg/devops returned HTTP 200 with 0 pending invitation(s)
2026-08-18 20:26:30,572 | INFO | github | Team members resolved: 5
2026-08-18 20:26:30,573 | INFO | github | Team members resolved: 5
2026-08-18 20:26:30,575 | INFO | github | Team members resolved: 5
2026-08-18 20:26:30,575 | INFO | github | Team members resolved: 5
2026-08-18 20:26:30,575 | INFO | github | Team members resolved: 5
2026-08-18 20:26:31,213 | INFO | github | Commits fetched: 23 (window: 23)
2026-08-18 20:26:31,243 | INFO | github | Commits fetched: 23 (window: 23)
2026-08-18 20:26:31,254 | INFO | github | Commits fetched: 23 (window: 23)
2026-08-18 20:26:31,262 | INFO | github | Commits fetched: 23 (window: 23)
2026-08-18 20:26:31,281 | INFO | github | Commits fetched: 23 (window: 23)
2026-08-18 20:26:31,524 | WARNING | github | Network error on https://api.github.com/repos/manoj20027949-svg/devops/git/blobs/d96685c60c8ad733b8892f5f3e8aaa3d2820e046: HTTPSConnectionPool(host='api.github.comhttps', port=443): Max retries exceeded with url: //api.github.com/repos/manoj20027949-svg/devops/git/blobs/d96685c60c8ad733b8892f5f3e8aaa3d2820e046 (Caused by NameResolutionError("HTTPSConnection(host='api.github.comhttps', port=443): Failed to resolve 'api.github.comhttps' ([Errno 11001] getaddrinfo failed)")) (attempt 3)
2026-08-18 20:26:31,789 | INFO | github | Pull requests fetched: 1
2026-08-18 20:26:31,789 | INFO | github | Pull requests fetched: 1
2026-08-18 20:26:31,789 | INFO | github | Pull requests fetched: 1
2026-08-18 20:26:31,793 | INFO | github | Pull requests fetched: 1
2026-08-18 20:26:32,099 | INFO | github | Pull requests fetched: 1
2026-08-18 20:26:34,061 | INFO | github | Issues fetched: 1
2026-08-18 20:26:34,061 | INFO | github | Issues fetched: 1
2026-08-18 20:26:34,094 | INFO | github | Issues fetched: 1
2026-08-18 20:26:34,187 | INFO | github | Issues fetched: 1
2026-08-18 20:26:34,189 | INFO | github | Issues fetched: 1
2026-08-18 20:26:36,532 | WARNING | github | Network error on https://api.github.com/repos/manoj20027949-svg/devops/git/blobs/78ea802079a2eef7aaca421fda4bd5d2689dd36e: HTTPSConnectionPool(host='api.github.comhttps', port=443): Max retries exceeded with url: //api.github.com/repos/manoj20027949-svg/devops/git/blobs/78ea802079a2eef7aaca421fda4bd5d2689dd36e (Caused by NameResolutionError("HTTPSConnection(host='api.github.comhttps', port=443): Failed to resolve 'api.github.comhttps' ([Errno 11001] getaddrinfo failed)")) (attempt 1)
2026-08-18 20:26:40,542 | INFO | github | GitHub repository: manoj20027949-svg/devops (since 2026-07-19T14:56:40.542460+00:00Z, until None)
2026-08-18 20:26:40,547 | INFO | github | Collaborators fetched: 5
2026-08-18 20:26:40,552 | INFO | github | Invitations fetch for manoj20027949-svg/devops returned HTTP 200 with 0 pending invitation(s)
2026-08-18 20:26:40,556 | INFO | github | Team members resolved: 5
2026-08-18 20:26:41,549 | WARNING | github | Network error on https://api.github.com/repos/manoj20027949-svg/devops/git/blobs/78ea802079a2eef7aaca421fda4bd5d2689dd36e: HTTPSConnectionPool(host='api.github.comhttps', port=443): Max retries exceeded with url: //api.github.com/repos/manoj20027949-svg/devops/git/blobs/78ea802079a2eef7aaca421fda4bd5d2689dd36e (Caused by NameResolutionError("HTTPSConnection(host='api.github.comhttps', port=443): Failed to resolve 'api.github.comhttps' ([Errno 11001] getaddrinfo failed)")) (attempt 2)
2026-08-18 20:26:42,307 | INFO | github | Commits fetched: 23 (window: 23)
2026-08-18 20:26:42,307 | INFO | github | Pull requests fetched: 1
2026-08-18 20:26:42,310 | INFO | github | Issues fetched: 1
2026-08-18 20:26:46,587 | WARNING | github | Network error on https://api.github.com/repos/manoj20027949-svg/devops/git/blobs/78ea802079a2eef7aaca421fda4bd5d2689dd36e: HTTPSConnectionPool(host='api.github.comhttps', port=443): Max retries exceeded with url: //api.github.com/repos/manoj20027949-svg/devops/git/blobs/78ea802079a2eef7aaca421fda4bd5d2689dd36e (Caused by NameResolutionError("HTTPSConnection(host='api.github.comhttps', port=443): Failed to resolve 'api.github.comhttps' ([Errno 11001] getaddrinfo failed)")) (attempt 3)
2026-08-18 20:26:51,603 | WARNING | github | Network error on https://api.github.com/repos/manoj20027949-svg/devops/git/blobs/338b4a77a1ad73deca2c696df2e126c96f0c3d3b: HTTPSConnectionPool(host='api.github.comhttps', port=443): Max retries exceeded with url: //api.github.com/repos/manoj20027949-svg/devops/git/blobs/338b4a77a1ad73deca2c696df2e126c96f0c3d3b (Caused by NameResolutionError("HTTPSConnection(host='api.github.comhttps', port=443): Failed to resolve 'api.github.comhttps' ([Errno 11001] getaddrinfo failed)")) (attempt 1)
2026-08-18 20:26:56,640 | WARNING | github | Network error on https://api.github.com/repos/manoj20027949-svg/devops/git/blobs/338b4a77a1ad73deca2c696df2e126c96f0c3d3b: HTTPSConnectionPool(host='api.github.comhttps', port=443): Max retries exceeded with url: //api.github.com/repos/manoj20027949-svg/devops/git/blobs/338b4a77a1ad73deca2c696df2e126c96f0c3d3b (Caused by NameResolutionError("HTTPSConnection(host='api.github.comhttps', port=443): Failed to resolve 'api.github.comhttps' ([Errno 11001] getaddrinfo failed)")) (attempt 2)
2026-08-18 20:27:01,655 | WARNING | github | Network error on https://api.github.com/repos/manoj20027949-svg/devops/git/blobs/338b4a77a1ad73deca2c696df2e126c96f0c3d3b: HTTPSConnectionPool(host='api.github.comhttps', port=443): Max retries exceeded with url: //api.github.com/repos/manoj20027949-svg/devops/git/blobs/338b4a77a1ad73deca2c696df2e126c96f0c3d3b (Caused by NameResolutionError("HTTPSConnection(host='api.github.comhttps', port=443): Failed to resolve 'api.github.comhttps' ([Errno 11001] getaddrinfo failed)")) (attempt 3)
2026-08-18 20:27:03,532 | INFO | github | GitHub repository: manoj20027949-svg/devops (since 2026-07-19T14:57:03.532499+00:00Z, until None)
2026-08-18 20:27:03,534 | INFO | github | Collaborators fetched: 5
2026-08-18 20:27:03,538 | INFO | github | Invitations fetch for manoj20027949-svg/devops returned HTTP 200 with 0 pending invitation(s)
2026-08-18 20:27:03,539 | INFO | github | Team members resolved: 5
2026-08-18 20:27:05,340 | INFO | github | Commits fetched: 23 (window: 23)
2026-08-18 20:27:05,340 | INFO | github | Pull requests fetched: 1
2026-08-18 20:27:05,344 | INFO | github | Issues fetched: 1
2026-08-18 20:27:06,662 | WARNING | github | Network error on https://api.github.com/repos/manoj20027949-svg/devops/git/blobs/cbb80549e5e610c66ca9fc2e6fd2ac6424f8e4e6: HTTPSConnectionPool(host='api.github.comhttps', port=443): Max retries exceeded with url: //api.github.com/repos/manoj20027949-svg/devops/git/blobs/cbb80549e5e610c66ca9fc2e6fd2ac6424f8e4e6 (Caused by NameResolutionError("HTTPSConnection(host='api.github.comhttps', port=443): Failed to resolve 'api.github.comhttps' ([Errno 11001] getaddrinfo failed)")) (attempt 1)
2026-08-18 20:27:11,689 | WARNING | github | Network error on https://api.github.com/repos/manoj20027949-svg/devops/git/blobs/cbb80549e5e610c66ca9fc2e6fd2ac6424f8e4e6: HTTPSConnectionPool(host='api.github.comhttps', port=443): Max retries exceeded with url: //api.github.com/repos/manoj20027949-svg/devops/git/blobs/cbb80549e5e610c66ca9fc2e6fd2ac6424f8e4e6 (Caused by NameResolutionError("HTTPSConnection(host='api.github.comhttps', port=443): Failed to resolve 'api.github.comhttps' ([Errno 11001] getaddrinfo failed)")) (attempt 2)
2026-08-18 20:27:16,717 | WARNING | github | Network error on https://api.github.com/repos/manoj20027949-svg/devops/git/blobs/cbb80549e5e610c66ca9fc2e6fd2ac6424f8e4e6: HTTPSConnectionPool(host='api.github.comhttps', port=443): Max retries exceeded with url: //api.github.com/repos/manoj20027949-svg/devops/git/blobs/cbb80549e5e610c66ca9fc2e6fd2ac6424f8e4e6 (Caused by NameResolutionError("HTTPSConnection(host='api.github.comhttps', port=443): Failed to resolve 'api.github.comhttps' ([Errno 11001] getaddrinfo failed)")) (attempt 3)
2026-08-18 20:27:18,627 | INFO | github | GitHub repository: manoj20027949-svg/devops (since 2026-07-19T14:57:18.627413+00:00Z, until None)
2026-08-18 20:27:18,627 | INFO | github | Collaborators fetched: 5
2026-08-18 20:27:18,627 | INFO | github | Invitations fetch for manoj20027949-svg/devops returned HTTP 200 with 0 pending invitation(s)
2026-08-18 20:27:18,633 | INFO | github | Team members resolved: 5
2026-08-18 20:27:20,838 | INFO | github | Commits fetched: 23 (window: 23)
2026-08-18 20:27:20,839 | INFO | github | Pull requests fetched: 1
2026-08-18 20:27:20,839 | INFO | github | Issues fetched: 1
2026-08-18 20:27:21,728 | WARNING | github | Network error on https://api.github.com/repos/manoj20027949-svg/devops/git/blobs/20909c2c3d29ada7113c85085d85d89cd5c4c352: HTTPSConnectionPool(host='api.github.comhttps', port=443): Max retries exceeded with url: //api.github.com/repos/manoj20027949-svg/devops/git/blobs/20909c2c3d29ada7113c85085d85d89cd5c4c352 (Caused by NameResolutionError("HTTPSConnection(host='api.github.comhttps', port=443): Failed to resolve 'api.github.comhttps' ([Errno 11001] getaddrinfo failed)")) (attempt 1)
2026-08-18 20:27:26,770 | WARNING | github | Network error on https://api.github.com/repos/manoj20027949-svg/devops/git/blobs/20909c2c3d29ada7113c85085d85d89cd5c4c352: HTTPSConnectionPool(host='api.github.comhttps', port=443): Max retries exceeded with url: //api.github.com/repos/manoj20027949-svg/devops/git/blobs/20909c2c3d29ada7113c85085d85d89cd5c4c352 (Caused by NameResolutionError("HTTPSConnection(host='api.github.comhttps', port=443): Failed to resolve 'api.github.comhttps' ([Errno 11001] getaddrinfo failed)")) (attempt 2)
2026-08-18 20:27:31,785 | WARNING | github | Network error on https://api.github.com/repos/manoj20027949-svg/devops/git/blobs/20909c2c3d29ada7113c85085d85d89cd5c4c352: HTTPSConnectionPool(host='api.github.comhttps', port=443): Max retries exceeded with url: //api.github.com/repos/manoj20027949-svg/devops/git/blobs/20909c2c3d29ada7113c85085d85d89cd5c4c352 (Caused by NameResolutionError("HTTPSConnection(host='api.github.comhttps', port=443): Failed to resolve 'api.github.comhttps' ([Errno 11001] getaddrinfo failed)")) (attempt 3)
2026-08-18 20:27:36,802 | WARNING | github | Network error on https://api.github.com/repos/manoj20027949-svg/devops/git/blobs/dce4a14f22bd01330d9bc9e503e64ea09435c477: HTTPSConnectionPool(host='api.github.comhttps', port=443): Max retries exceeded with url: //api.github.com/repos/manoj20027949-svg/devops/git/blobs/dce4a14f22bd01330d9bc9e503e64ea09435c477 (Caused by NameResolutionError("HTTPSConnection(host='api.github.comhttps', port=443): Failed to resolve 'api.github.comhttps' ([Errno 11001] getaddrinfo failed)")) (attempt 1)
2026-08-18 20:27:41,839 | WARNING | github | Network error on https://api.github.com/repos/manoj20027949-svg/devops/git/blobs/dce4a14f22bd01330d9bc9e503e64ea09435c477: HTTPSConnectionPool(host='api.github.comhttps', port=443): Max retries exceeded with url: //api.github.com/repos/manoj20027949-svg/devops/git/blobs/dce4a14f22bd01330d9bc9e503e64ea09435c477 (Caused by NameResolutionError("HTTPSConnection(host='api.github.comhttps', port=443): Failed to resolve 'api.github.comhttps' ([Errno 11001] getaddrinfo failed)")) (attempt 2)
2026-08-18 20:27:46,855 | WARNING | github | Network error on https://api.github.com/repos/manoj20027949-svg/devops/git/blobs/dce4a14f22bd01330d9bc9e503e64ea09435c477: HTTPSConnectionPool(host='api.github.comhttps', port=443): Max retries exceeded with url: //api.github.com/repos/manoj20027949-svg/devops/git/blobs/dce4a14f22bd01330d9bc9e503e64ea09435c477 (Caused by NameResolutionError("HTTPSConnection(host='api.github.comhttps', port=443): Failed to resolve 'api.github.comhttps' ([Errno 11001] getaddrinfo failed)")) (attempt 3)
2026-08-18 20:27:51,877 | WARNING | github | Network error on https://api.github.com/repos/manoj20027949-svg/devops/git/blobs/87b0c6a0cbd5eba6c8ca6a3556e5a5a4189d62a5: HTTPSConnectionPool(host='api.github.comhttps', port=443): Max retries exceeded with url: //api.github.com/repos/manoj20027949-svg/devops/git/blobs/87b0c6a0cbd5eba6c8ca6a3556e5a5a4189d62a5 (Caused by NameResolutionError("HTTPSConnection(host='api.github.comhttps', port=443): Failed to resolve 'api.github.comhttps' ([Errno 11001] getaddrinfo failed)")) (attempt 1)
2026-08-18 20:27:56,910 | WARNING | github | Network error on https://api.github.com/repos/manoj20027949-svg/devops/git/blobs/87b0c6a0cbd5eba6c8ca6a3556e5a5a4189d62a5: HTTPSConnectionPool(host='api.github.comhttps', port=443): Max retries exceeded with url: //api.github.com/repos/manoj20027949-svg/devops/git/blobs/87b0c6a0cbd5eba6c8ca6a3556e5a5a4189d62a5 (Caused by NameResolutionError("HTTPSConnection(host='api.github.comhttps', port=443): Failed to resolve 'api.github.comhttps' ([Errno 11001] getaddrinfo failed)")) (attempt 2)
2026-08-18 20:28:01,918 | WARNING | github | Network error on https://api.github.com/repos/manoj20027949-svg/devops/git/blobs/87b0c6a0cbd5eba6c8ca6a3556e5a5a4189d62a5: HTTPSConnectionPool(host='api.github.comhttps', port=443): Max retries exceeded with url: //api.github.com/repos/manoj20027949-svg/devops/git/blobs/87b0c6a0cbd5eba6c8ca6a3556e5a5a4189d62a5 (Caused by NameResolutionError("HTTPSConnection(host='api.github.comhttps', port=443): Failed to resolve 'api.github.comhttps' ([Errno 11001] getaddrinfo failed)")) (attempt 3)
